Video Title,Video Id,Video Published At,Video Provider,Oli Id
'Oli X2 TTSWT Torrefied Spruce Walnut Tenor High G,En0S_ZFEJ-U,2025-12-08 02:29:21+00:00,youtube,X3-TTSWT
'Oli X3 TTSWT 1898 Torrefied Spruce Walnut Tenor,3vr9gPWGI20,2025-12-01 02:32:38+00:00,youtube,X3-TTSWT
'Oli X3-TCKM Cedar Kamani Tenor,HPBbAPcfnek,2025-09-05 00:02:27+00:00,youtube,X3-TCKM
'Oli X2-TYCMH Alaskan Yellow Cedar Mahogany Tenor,cFahZKqbQdw,2026-01-29 21:14:39+00:00,youtube,X2-TYCMH Yellow Cedar
'Oli X2-TTSRR Torrefied Spruce Rosewood Tenor,5opERUz7YWM,2025-04-24 05:04:46+00:00,youtube,X2-TTSRR
'Oli X2 TRR SE,bFYnVXBcbso,2025-11-16 02:29:03+00:00,youtube,X2-TRRBW
'Oli X2 TRR SE Redwood Rosewood Tenor w High G,ZuXZKsHe-Ow,2025-12-06 09:40:04+00:00,youtube,X2-TRR
'Oli X2-TRR SE w High G Redwood Rosewood Tenor,ecDhE4DQ0jk,2025-10-03 06:01:06+00:00,youtube,X2-TRR
'Oli X2 TRR 1691 Redwood Rosewood Tenor,wDk9J_l4i_A,2025-09-29 03:27:12+00:00,youtube,X2-TRR
'Oli X2 TCRBW 1161Cedar Rosewood Tenor,n3hy_VOpQc0,2025-04-24 06:22:14+00:00,youtube,X2-TCRBW
'Oli X2 STSWT Torrefied Spruce Walnut Soprano (Pepe Romero US1 Strings) Strings),2HopNKUPPlY,2025-12-04 07:47:54+00:00,youtube,X2-STSWT
'Oli X2-SACR Ancient Cypress Rosewood Soprano (Worth CM Strings),BZ8jt1rMGNs,2025-12-04 07:47:28+00:00,youtube,X2-SACR
'Oli X2 CRR SE 1667 Redwood Rosewood Concert,P8TOa1_NZxI,2025-09-29 04:33:09+00:00,youtube,X2-CRR
'Oli X2-BTSRR Torrefied Spruce Red Rosewood Baritone 1127,4qNDoaI5w20,2025-06-26 02:17:30+00:00,youtube,X2-BTSRR
'Oli Baritone Reentrant High D and Linear Low D Sample X2-BTSRR 1126,m6gPM74A0QI,2025-06-14 23:11:43+00:00,youtube,X2-BTSRR
'Oli X2 BTSRR 1109 Torrefied Spruce Rosewood Baritone,UEpCcA2lKCk,2025-05-11 07:23:59+00:00,youtube,X2-BTSRR
'Oli X2 BRR 1714 Baritone Redwood Rosewood,Bd6xa21_LRE,2025-09-29 05:26:49+00:00,youtube,X2-BRR
'Oli X2 BCRBW S 1142 Cedar Black & White Rosewood Baritone,NoGTiNc-hAM,2025-05-31 08:18:42+00:00,youtube,X2-BCRBW-S
'Oli X2-BCR-BW 1144 Cedar Rosewood X braced Baritone,PTMO6cWPf9o,2025-04-27 01:58:11+00:00,youtube,X2-BCRBW
'Oli X1 TMH Mahogany Tenor,ThOI0LKaPbA,2025-07-13 09:05:00+00:00,youtube,X1-TMH-S
'Oli X1 TMG Mango Tenor High G,CmaS9cKTvCY,2025-12-05 18:27:39+00:00,youtube,X1-TMG
'Oli X 1TMG Mango Tenor,LfqxLk3KdI0,2025-09-28 22:42:12+00:00,youtube,X1-TMG
'Oli X1SP-TCMH-S,Hv7CvFfj538,2025-11-30 20:32:33+00:00,youtube,X1-TCMH-S
'Oli X1-TA High G Sample w Mika,XOhjv0kYXMw,2025-10-06 22:09:58+00:00,youtube,X1-TA
'Oli X1 TA Acacia Tenor,5IZdzUMe5x4,2025-10-02 04:39:19+00:00,youtube,X1-TA
'Oli X1-SSKMH S Sitka Spruce Mahogany Soprano,e4w580c5mQ4,2025-10-01 22:59:59+00:00,youtube,X1-SSKMH-S
'Oli X1-SMH-S Mahogany Soprano w Kalei,rVtTgH1AmyA,2025-07-18 06:56:44+00:00,youtube,X1-SMH-S
'Oli X-SMH-S Mahogany Soprano,TygkMqVWevU,2025-02-05 19:28:14+00:00,youtube,X1-SMH-S
'Oli X1 SMG Mango Soprano,pkUqya4cJE8,2025-12-04 17:02:40+00:00,youtube,X1-SMG
'Oli X1 SA Acacia Soprano,WGx13TLCae4,2025-12-04 17:02:58+00:00,youtube,X1-SA
'Oli X1-CMH-S Concert Mahogany,2gVLJCw8dMU,2025-07-21 05:14:03+00:00,youtube,X1-CMH-S
'Oli X1-CMG Mango Concert,GVRxruFfBzU,2025-10-02 04:16:28+00:00,youtube,X1-CMG
'Oli X1-CCPMH S Port Orford Cedar Mahohany Concert,zBGF9JWxY2s,2025-10-02 03:50:01+00:00,youtube,X1-CCPMH-S
'Oli X1-CA Acacia Concert,qI4e8Hm2EWk,2025-10-03 03:40:13+00:00,youtube,X1-CA
'Oli X1-BMH S Mahogany Baritone,HQfblnbmgRI,2025-07-16 09:28:47+00:00,youtube,X1-BMH-S
'Oli X1SP-BMH-S Cedar Mahogany Baritone,fBmk6-U3FPg,2025-11-30 21:16:27+00:00,youtube,X1-BCMH-S
'Oli X1-BA Acacia Baritone,RlGo3xYKAIQ,2025-10-03 02:54:54+00:00,youtube,X1-BA
'Oli L3-TTSML Torrefied Spruce Hawaiian Milo Hoala Tenor 1891,sHvCUBBE880,2025-11-29 22:16:40+00:00,youtube,L3-TTSML
'Oli Torrefied Spruce Milo L3 TTSML 1275,lUTWoQr7iUg,2025-05-30 19:46:20+00:00,youtube,L3-TTSML
'Oli L3-TTSML Torrefied Spruce Milo LE Tenor,-22L3lJxneI,2025-05-14 21:45:40+00:00,youtube,L3-TTSML
'Oli L3-TTSE H 1252,Y-FSuohzFX0,2025-09-21 02:55:54+00:00,youtube,L3-TTSE-S
'Oli L3 Honeycomb Tenor Torrefied Spruce Ebony,03s7LIKWPLA,2025-06-01 03:18:15+00:00,youtube,L3-TTSE
'Oli L3-TSR-P Plumeria Tenor 1247,WeC-fgs9Gcc,2025-05-17 22:16:09+00:00,youtube,L3-TSR
'Oli L3 Plumeria Tenor 1033,oSym4KiyAHc,2025-02-08 20:49:43+00:00,youtube,L3-TSR
'Oli L3 TSML Spruce Milo LE Tenor,sGCvfH3n-jE,2025-04-24 10:04:06+00:00,youtube,L3-TSML
'Oli L3 TSE-H Spruce Ebony Honeycomb Tenor,GeyEMyXhCoI,2025-05-14 22:27:12+00:00,youtube,L3-TSE
Oli L3-TRML Curly Redwood Milo Tenor,95lhu10_THM,2025-07-25 00:39:16+00:00,youtube,L3-TRML
'Oli L3-TRML 1291 Curly Redwood Milo Tenor,dQb-524e3qg,2025-06-20 10:21:55+00:00,youtube,L3-TRML
'Oli L3-TRML Redwood Milo LE Tenor 1289,6uik2UVNWAw,2025-05-14 21:31:45+00:00,youtube,L3-TRML
'Oli L3 TRML 1290 Curly Redwood Milo LE Tenor,eLa250snUmE,2025-05-11 03:31:53+00:00,youtube,L3-TRML
'Oli L3 TRML  Curly Redwood Milo Tenor 1271,WArzRddPDZ8,2025-05-11 02:47:51+00:00,youtube,L3-TRML
'Oli L3 TCPML Port Orford Cedar Milo Tenor LE 1272,nPwQCLnVzXA,2025-04-24 10:03:07+00:00,youtube,L3-TCPML
'Oli Cedar Milo L3 Limited Edition Tenor,U_atB4KSaY8,2025-05-31 19:48:25+00:00,youtube,L3-TCML
'Oli L3-TCE-H Cedar Ebony Honeycomb 1977,mpHfK-trcAs,2026-01-29 21:23:05+00:00,youtube,L3-TCE
'Oli L3 TACMB Ancient Cypress Malaysian Blackwood Tenor High G,SjzM4JJHVjA,2025-12-04 04:36:16+00:00,youtube,L3-TACMB
'Oli L3 TACMB Ancient Sinker Cypress Malaysian Blackwood Tenor,MRhCNDGPPk8,2025-11-29 23:17:33+00:00,youtube,L3-TACMB
L3-CTSML,1090692172,2025-06-05 01:00:00+00:00,vimeo,L3-CTSML
'Oli L3-CSR-P Spruce Rosewood Concert 1229,VN--ZMTnHSw,2025-10-08 23:50:03+00:00,youtube,L3-CSR
'Oli L3 CSR P Spruce Rosewood LE Plumeria Concert,bB_ODMYkRiE,2025-05-12 21:28:46+00:00,youtube,L3-CSR
'Oli L3-CSE H 1186,7PABqyB1Ef8,2025-05-18 03:41:25+00:00,youtube,L3-CSE
'Oli L3 CSCO Limited Edition Anthurium,IQ5v-C5lrA8,2025-11-04 08:00:26+00:00,youtube,L3-CSCO
'Oli L3-CSCO 1670 Spruce Cocobolo Concert,QDR7npWNK9g,2025-09-28 22:04:39+00:00,youtube,L3-CSCO
L3-CRML 1257,1090692649,2025-06-05 01:02:00+00:00,vimeo,L3-CRML
'Oli L3-CRMI Redwood Milo Concert 1,j9jPvXrlJAc,2025-02-08 20:49:19+00:00,youtube,L3-CRML
'Oli L3 CCPML Port Orford Cedar Milo Concert,8EV-3ifGQQA,2025-06-22 02:18:07+00:00,youtube,L3-CCPML
'Oli L3-CCML Cedar Milo Concert,0casrVyWKKE,2025-06-20 11:01:05+00:00,youtube,L3-CCML
L3-CCML 1261,1090692456,2025-06-05 01:01:00+00:00,vimeo,L3-CCML
'Oli L3-CCE-H-S Honeycomb Satin Cedar Ebony Concert,hxbyi25-sk0,2025-06-22 02:21:07+00:00,youtube,L3-CCE-S
'Oli L3-CCE-H-SB Honeycomb Sunburst Cedar Ebony Concert,CHvJ5M-IWn8,2025-06-22 02:19:41+00:00,youtube,L3-CCE
'Oli L3 CCE 1237 Cedar Ebony Honeycomb LE Concert,Rbm3qh-z8jU,2025-05-18 03:23:54+00:00,youtube,L3-CCE
'Oli L3 CACMB Ancient Cypress Malaysian Blackwood Concert,2wSQ0-qtPzw,2025-12-04 04:36:33+00:00,youtube,L3-CACMB
'Oli L3 CSCMB Sinker Cypress Malaysian Blackwood,dkxydt_FyRg,2025-09-28 21:27:53+00:00,youtube,L3-CACMB
'Oli L3 BTSE Torrefied Sppruce Ebony Honeycomb Baritone,yP59_mYyUDA,2025-09-12 06:24:08+00:00,youtube,L3-BTSE
'Oli Spruce Rosewood Plumeria Baritone L3-BSR-P 1238,RAWvVXF6hS8,2025-11-18 04:39:38+00:00,youtube,L3-BSR
'Oli L3 BSR P Spruce Rosewood Plumeria LE Baritone,U2jX0nAFijk,2025-05-12 19:53:18+00:00,youtube,L3-BSR
'Oli L3 BSE H Spruce Ebony Honeycomb Baritone,89w0P-9jhAI,2025-05-15 01:32:04+00:00,youtube,L3-BSE
'Oli L3-BRML Redwood Milo Baritone,GbhISyq_xl4,2025-05-18 04:58:43+00:00,youtube,L3-BRML
'Oli L3 BCIR P Pink Incense Cedar Rosewood Plumeria Baritone,xTVH-canCVo,2025-08-03 23:20:24+00:00,youtube,L3-BCIR
'Oli L3 BACE Ancient Sinker Cypress Macassar Ebony Baritone,0CNG66bW1YQ,2025-11-30 22:10:08+00:00,youtube,L3-BACE
'Oli L2 TTSMR Torrefied Spruce Myrtle Tenor 667,fVixLG6ObvY,2025-03-08 01:17:28+00:00,youtube,L2-TTSMR
'Oli L2 TTSMR Torrefied Spruce Myrtle 668,sfRTZjOJt9Q,2024-10-28 08:50:57+00:00,youtube,L2-TTSMR
'Oli L2-TTSMR Torrefied Spruce Myrtle Tenor,xMqPRcZ_3iY,2024-10-13 23:48:32+00:00,youtube,L2-TTSMR
'Oli L2 TTSMR Torrefied Spruce Myrtle Tenor,gATbdN6qPuo,2024-10-03 19:21:41+00:00,youtube,L2-TTSMR
'Oli L2 TTSCM Torrefied Spruce Hawaiian Cuban Mahogany Tenor,FKPITq0YOx8,2026-01-30 09:35:02+00:00,youtube,L2-TTSCM
'Oli L2 TTSCM 1192 Torrefied Spruce Cuban Mahogany,Kt1OVTbG_Kg,2025-06-02 01:06:11+00:00,youtube,L2-TTSCM
'Oli L2 TTSCM Torrefied Spruce Hawaiian Cuban Mahogany Tenor,vdwfXQ1iuIY,2025-05-11 09:27:38+00:00,youtube,L2-TTSCM
'Oli L2 TTSA Torrefied Spruce Acacia Monstera Tenor,eUGEsySF4Lw,2025-07-13 07:35:57+00:00,youtube,L2-TTSA
"'Oli L2 TSR LC Spruce Rosewood 18"" scale Tenor Cutaway",NXp2uJBAp24,2025-12-04 06:56:45+00:00,youtube,L2-TSR-LC
"'Oli Spruce Rosewood 18"" Scale Tenor Cutaway",I5TRhtZMNJI,2025-05-13 21:58:17+00:00,youtube,L2-TSR-LC
'Oli L2-TSR Spruce Rosewood,kHaTQg0iEZs,2026-01-30 20:11:29+00:00,youtube,L2-TSR
'Oli L2 TSR Spruce Rosewood Tenor in Low & High G,hCxYl6e-vdQ,2025-09-12 06:24:29+00:00,youtube,L2-TSR
'Oli L2 TSR 1064 2025 Spruce Rosewood Tenor,zQWpzlqbl_M,2025-06-22 00:29:33+00:00,youtube,L2-TSR
'Oli 2025 L2 TSR Spruce Rosewoodf Tenor,s_5iauwkXNU,2025-01-31 22:45:21+00:00,youtube,L2-TSR
'Oli L2 TSR v2 Spruce Rosewood Tenor,ARPyhkifASw,2024-08-17 05:25:17+00:00,youtube,L2-TSR
'Oli Spruce Rosewood Tenor L2-TSR,B4LUZiLLEfc,2024-04-08 17:59:02+00:00,youtube,L2-TSR
'Oli Spruce Rosewood Tenor,F0hxa4dcVm4,2024-03-12 02:31:09+00:00,youtube,L2-TSR
'Oli L2 TSQM-LB 1797 Spruce Quilted Maple Light Burst Tenor,eCEJBO16uQY,2026-01-04 03:26:40+00:00,youtube,L2-TSQM
'Oli Spruce Quilted Maple Sunburst Tenor,ygsknEQj5NI,2024-03-07 18:11:00+00:00,youtube,L2-TSQM
'Oli L2 TSFM Spruce Flame Maple Tenor 1959,Lfxxk2jVXbQ,2025-12-20 06:38:52+00:00,youtube,L2-TSFM
'Oli L2-TSFM-BR 767 Spruce Flame Maple Tenor,ef-xKFHbLrE,2025-09-21 03:21:45+00:00,youtube,L2-TSFM
'Oli L2 TSFM LB 1576 Lightburst Spruce Flame Maple Tenor,mM3A6ZAbijM,2025-08-04 00:26:57+00:00,youtube,L2-TSFM
'Oli L2 TSFM SB,UUx6OsEMIOw,2025-06-01 04:13:38+00:00,youtube,L2-TSFM
'Oli L2 TSFM 729 Spruce Top Flame Maple Tenor,8aAE1qNmvUQ,2025-02-08 18:44:06+00:00,youtube,L2-TSFM
'Oli l2 TSFM LB,DzOQzjyBe9M,2025-01-31 21:46:14+00:00,youtube,L2-TSFM
'Oli L2-TFM-BR 766 Spruce Maple Tenor,82C8m9g-bUU,2024-11-09 21:02:16+00:00,youtube,L2-TSFM
'Oli L2-TSFM Spruce Maple Tenor,2cXE8fURmhw,2024-10-13 23:49:17+00:00,youtube,L2-TSFM
'Oli L2-TSFM V3 Spruce Flame Maple Mandala Tenor,ad_roeny5h8,2024-10-04 23:44:04+00:00,youtube,L2-TSFM
'Oli Spruce Maple Tenor,xEF2M4HKBRc,2024-03-07 18:10:20+00:00,youtube,L2-TSFM
'Oli Spruce Ebony Tenor L2 TSE,rqkz_lvH1bU,2024-10-28 20:50:49+00:00,youtube,L2-TSE
'Oli L2 TSE Tenor Spruce Macassar Ebony w Uke Logic HT Low G Set,t3ykbRXzvwU,2024-08-09 21:59:27+00:00,youtube,L2-TSE
'Oli L2 TSE Spruce Ebony Tenor,4kGV1Ba9NGc,2024-03-25 02:57:56+00:00,youtube,L2-TSE
'Oli L2 Spruce Top Ebony Tenor,VrNGaAiNwE4,2024-03-07 04:21:42+00:00,youtube,L2-TSE
'Oli L2 TSCR Cedar Rosewood Slimline Tenor w Uke Logic Low G Set,_r1pER-Z2RU,2024-08-09 21:59:04+00:00,youtube,L2-TSCR
'Oli L2 TSCR Slim Tenor Cedar Rosewood,wg8sKv3ZbOg,2024-08-05 04:59:30+00:00,youtube,L2-TSCR
'Oli L2-TSCFM Sinker Cypress Maple Tenor High G Sample,lpF2AYhpI9g,2025-10-03 04:30:15+00:00,youtube,L2-TSCFM
'Oli L2 TSCFM 1614 Sinker Cypress Maple Tenor,7mB2xLucPck,2025-09-28 20:30:26+00:00,youtube,L2-TSCFM
'Oli L2 TSCA Slimline Tenor,AoJaXCLwkMY,2024-07-19 00:06:13+00:00,youtube,L2-TSCA
'Oli L2-TRR Redwood Rosewood Tenor,znrZRv_AvsM,2024-10-13 23:49:47+00:00,youtube,L2-TRR
'Oli L2 TRR 591,XAjagra4JBM,2024-08-29 09:20:24+00:00,youtube,L2-TRR
'Oli L2 TRR 587,vfFOc-Z_Rhg,2024-08-24 23:31:11+00:00,youtube,L2-TRR
'Oli l2 TRR 588,ZCm3gfyWhZw,2024-08-24 22:58:34+00:00,youtube,L2-TRR
'Oli L2 TRR 595,f0657LmlSf0,2024-08-24 22:53:03+00:00,youtube,L2-TRR
'Oli L2 TRR 582,kDCSRi57Kkc,2024-08-24 22:39:03+00:00,youtube,L2-TRR
'Oli L2 TRR 592,DLnxyFUJuNU,2024-08-24 22:27:47+00:00,youtube,L2-TRR
'Oli L2 TRR 594,I6HCC64-5Cg,2024-08-24 22:24:47+00:00,youtube,L2-TRR
'Oli L2-TQM-LB Lightburst Quilted Maple Tenor,ksk4u2P2Uoo,2026-01-04 06:29:34+00:00,youtube,L2-TQM
'Oli L2-TQM 1954,xqhjoGHbfsM,2025-12-19 04:03:35+00:00,youtube,L2-TQM
'Oli L2 TQM LB,wemORgz-3uU,2025-01-19 21:56:01+00:00,youtube,L2-TQM
'Oli L2 TQM BL w High G,eDM1VjTI3VA,2025-01-19 21:40:10+00:00,youtube,L2-TQM
'Oli L2 TQM BL w Low G,_Ns3SgfCBTY,2025-01-19 21:39:36+00:00,youtube,L2-TQM
'Oli Quilted Maple Sunburst Tenor,HNenXmQh9Wg,2024-03-08 20:24:49+00:00,youtube,L2-TQM
'Oli L2-TPMG Tenor Mango Pineapple,qTpxK_wzhY8,2025-07-12 06:34:27+00:00,youtube,L2-TPMG
'Oli Mango Pineapple Tenor Prototype,y2IO3mtZDHs,2024-08-25 03:37:12+00:00,youtube,L2-TPMG
'Oli L2 TPCA Tenor Pineapple Cedar Acacia Prototype,zxx7lMkftKM,2024-08-09 11:52:17+00:00,youtube,L2-TPCA
'Oli L2 TMR 1556 Myrtle Tenor,KmkW6UGQHKE,2025-09-21 01:10:16+00:00,youtube,L2-TMR
'Oli L2-TMR Tiger Myrtle Tenor,sd3nrJOD-Pk,2025-08-03 23:51:58+00:00,youtube,L2-TMR
'Oli L2 TMR Curly Myrtle Tenor,037scxWrmu4,2025-08-03 23:38:33+00:00,youtube,L2-TMR
'Oli L2 TMR Tiger Myrtle Tenor w GOAA Pickup,zRfaN-XZgVE,2025-04-26 20:46:30+00:00,youtube,L2-TMR
'Oli L2-TMR 1264,hbqVG8Z0oe0,2025-04-26 08:43:19+00:00,youtube,L2-TMR
'Oli L2-TMR Myrtle Tenor,tg6itUM1rGo,2024-10-13 23:48:03+00:00,youtube,L2-TMR
'Oli L2-TMG 599 Spalted Mango Tenor,hj1rKNd9Qi4,2025-03-18 10:47:48+00:00,youtube,L2-TMGS
'Oli L2 TMG Spalted Mango Tenor 596,2dHY0K1Wpaw,2025-02-18 09:39:01+00:00,youtube,L2-TMGS
'Oli L2 TMGS Spalted Mango Tenor,Le_QVb82fKw,2024-10-12 22:12:31+00:00,youtube,L2-TMGS
'Oli L2 TMG BK Mango Tenor,FNnqQK0mMAk,2025-10-02 04:51:43+00:00,youtube,L2-TMG
"'Oli Mango Tenor ""Mega Mendung""",r8UGhb8oEQ4,2025-09-19 22:43:33+00:00,youtube,L2-TMG
'Oli L2-TMG Mango Tenor 1486,BwNkbyMHzpQ,2025-07-13 08:24:48+00:00,youtube,L2-TMG
'Oli L2 Mango Tenor,GG-4-RpFUOA,2025-02-07 19:52:23+00:00,youtube,L2-TMG
'Oli L2 TMG V2 Mango Tenor,Vh1WK7Lh6Do,2024-08-12 02:52:44+00:00,youtube,L2-TMG
'Oli L2 Mango Tenor,7-ng4od9E60,2024-03-06 17:11:49+00:00,youtube,L2-TMG
'Oli Mango Tenor Prototype,1__pjKICYcA,2023-08-21 22:57:34+00:00,youtube,L2-TMG
'Oli L2 TKE Koa Ebony Tenor,NYBejTZgJfw,2025-05-11 06:01:07+00:00,youtube,L2-TKE
"'Oli L2-TK-LC 1892 18"" Scale Koa Tenor Cutaway",6C-13LxmW_4,2026-01-04 03:46:56+00:00,youtube,L2-TK-LC
"'Oli L2-TK-LC Koa 18"" Scale Tenor Cutaway Uhi 1912",7-E7GfsXNVk,2025-11-29 22:36:43+00:00,youtube,L2-TK-LC
'Oli L2 TK Koa Tenor High G,H_UnTQnUyVg,2025-12-05 19:13:09+00:00,youtube,L2-TK
'Oli L2 TK Koa Tenor Uhi 1823,TC-_gKegpqA,2025-11-29 22:30:55+00:00,youtube,L2-TK
'Oli Koa Tenor L2-TK 722,MIcsswpxyHA,2024-10-28 08:57:28+00:00,youtube,L2-TK
'Oli L2-TK Koa Tenor,EbClk1JSk9U,2024-10-13 23:47:39+00:00,youtube,L2-TK
'Oli L2 TK 673 Koa Tenor,zGX37Krcjvc,2024-08-25 03:36:50+00:00,youtube,L2-TK
'Oli L2 TK Uhi 157 High G w Mika,487oFyXPKzc,2024-06-08 06:10:43+00:00,youtube,L2-TK
"'Oli L2 TK Koa tenor ""Laolu"" 159 w Mika",cvHYTJAjhP4,2024-06-08 06:02:02+00:00,youtube,L2-TK
'Oli L2 TK Mastergrade Koa Tenor 161,NIpeJ9yIEpY,2024-05-15 00:55:31+00:00,youtube,L2-TK
'Oli Mastergrade Koa Tenor L2 TK 155,mLfkAzdJb7Q,2024-05-15 00:52:00+00:00,youtube,L2-TK
'Oli Koa Tenor,NSfC9a594qk,2024-05-11 23:55:04+00:00,youtube,L2-TK
'Oli Mastergrade Koa Tenor 115,oBssHayGSkY,2024-04-04 20:52:27+00:00,youtube,L2-TK
'Oli Mastergrade Koa Tenor 157,AMrBm7gwL9A,2024-04-04 20:51:48+00:00,youtube,L2-TK
"'Oli Koa Tenor ""Loulu"" 150 w High G",90WJ5B2io90,2024-03-06 23:58:52+00:00,youtube,L2-TK
'Oli Koa Tenor Uhi 0147,HVqXU0gfEyY,2024-03-06 22:19:37+00:00,youtube,L2-TK
"'Oli Koa Tenor ""Loulu"" 0117",SGuTHydddz8,2024-03-06 22:17:35+00:00,youtube,L2-TK
"'Oli Koa Tenor ""Uhi"" 0076",tldcsOZN74A,2024-03-06 21:48:23+00:00,youtube,L2-TK
"'Oli Koa Tenor ""Loulu"" 0146",mvHvi-3nnu4,2024-03-06 21:45:52+00:00,youtube,L2-TK
'Oli L2-TFM-SB Flame Maple Sunburst Tenor 1188,ur06v3xohPA,2025-05-12 20:56:07+00:00,youtube,L2-TFM
'Oli L2 Flame Maple Tenor,wdNBvGFFY9w,2024-03-11 19:19:07+00:00,youtube,L2-TFM
'Oli L2-TCW Cedar Walnut Tenor,EBTd6lsuR0A,2024-10-12 22:15:22+00:00,youtube,L2-TCW
'Oli NEW L2-TCR 1483 Cedar Rosewood Tenor,KGmCxXLAF-k,2025-07-12 05:26:11+00:00,youtube,L2-TCR
'Oli L2 TCR 2025 1065 Cedar Rosewood Tenor,Y_73dHX0NNA,2025-06-22 01:12:00+00:00,youtube,L2-TCR
'Oli L2 TCR V2 Cedar Rosewood Tenor,4sOurwVPwX4,2024-08-06 22:39:44+00:00,youtube,L2-TCR
'Oli Cedar Rosewood Tenor w High G,kIgjZQwzU_Q,2024-04-10 23:25:06+00:00,youtube,L2-TCR
'Oli Cedar Rosewood Tenor L2 TCR,A6ZZwmIQRTw,2024-03-25 03:01:26+00:00,youtube,L2-TCR
'Oli L2 Cedar Rosewood Tenor,bAUpLxDCNV8,2024-03-11 19:09:02+00:00,youtube,L2-TCR
'Oli L2-TCPMR-SB Sunburst Port Orford Cedar Tiger Myrtle Tenor,5lk-nCAR1F0,2025-10-20 01:26:08+00:00,youtube,L2-TCPMR
'Oli L2-TCPMR 1548 Port Orford Cedar Myrtle Tenor,lCrr3ceWirM,2025-09-21 04:10:41+00:00,youtube,L2-TCPMR
'Oli L2 TCPMR 1547 Port Orford Cedar Myrtle,znyxkeAk-yQ,2025-08-04 01:39:59+00:00,youtube,L2-TCPMR
"""Oli L2-TCPMR Port Orford Cedar Myrtle Tenor 1194",oiHEZKaN8ik,2025-04-24 10:00:50+00:00,youtube,L2-TCPMR
'Oli L2-TCPE Port Orford Cedar Ebony Tenor,IZzmmRcxLfI,2025-06-27 19:06:31+00:00,youtube,L2-TCPE
'Oli L2 TCPE 1191 Port Orford Cedar Ebony Tenor,G39M_m04f6U,2025-05-11 08:10:47+00:00,youtube,L2-TCPE
'Oli L2-TCIR-P-SB Incense Cedar Rosewood LE Tenor 1572,ZA5uJXCdT6I,2025-10-06 21:16:00+00:00,youtube,L2-TCIR
'Oli L2-TCIR-P LE Pink Incense Cedar Rosewood Plumeria Tenor,A2KHntVWIQA,2025-08-03 23:13:53+00:00,youtube,L2-TCIR
'Oli L2-TCE-S 753 Cedar Ebony Satin Tenor,mm-UVwaZT8I,2025-10-21 19:49:49+00:00,youtube,L2-TCE-S
'Oli L2 TCE V3 Cedar Top Macassar Ebony Tenor,EkK-cy3vWPg,2024-10-12 22:14:58+00:00,youtube,L2-TCE
'Oli L2 TCE V2 Tenor Cedar Ebony w Uke Logic Low G Set,cQnLbXT1k9g,2024-08-09 22:00:28+00:00,youtube,L2-TCE
'Oli L2 Cedar Ebony Tenor,ht5mFeLnanM,2024-03-09 23:54:05+00:00,youtube,L2-TCE
'Oli L2 TCE Cedar Macassar Ebony Tenor,mSw_GV9LxOM,2024-02-01 06:46:51+00:00,youtube,L2-TCE
"O.C. Bear Custom Lahaina Guitar & â€˜Oli Cedar Ebony Tenor ""Everything I do I Do It For You""",aFgun3_F1fQ,2024-02-01 06:45:13+00:00,youtube,L2-TCE
'Oli L2 TCAS Cedar Acacia Monstera Tenor Satin Finish,15YnTFJL82M,2024-08-09 22:01:14+00:00,youtube,L2-TCA-S
'Oli L2 Cedar Acacia Satin,u5KrGSLuAXc,2024-03-02 20:26:51+00:00,youtube,L2-TCA-S
'Oli L2 TCA 783,kGD-EnRr8D8,2025-02-20 19:02:54+00:00,youtube,L2-TCA
'Oli 2025 Monstera Tenor,lQqvE-sIe6k,2025-02-07 19:52:53+00:00,youtube,L2-TCA
'Oli L2 TCA Cedar Acacia Tenor w Acacia faceplate,jXyTTBsQWN8,2024-10-30 18:36:03+00:00,youtube,L2-TCA
'Oli L2 TCA Monstera Tenor Cedar Top Acacia,rLgcHFQnzVY,2024-08-05 22:41:48+00:00,youtube,L2-TCA
'Oli L2 Cedar Acacia Tenor,WL27LBQ945s,2024-03-02 20:27:22+00:00,youtube,L2-TCA
'Oli L2-TA-FF Fan Fret Acacia Tenor,_7REkm0d1MQ,2026-01-29 01:05:16+00:00,youtube,L2-TA-FF
'Oli L2 CTSR Torrefied Spruce Rosewood Concert,Ar6JmJ9HBP8,2024-10-05 20:03:43+00:00,youtube,L2-CTSR
'Oli L2 CTSMR 677 Concert Torrefied Spruce Myrtle,Eo7lLaX_ITM,2024-11-09 20:53:21+00:00,youtube,L2-CTSMR
'Oli L2 CTSMR Torrefied Spruce Myrtle Concert,uhl_xaJSziY,2024-10-12 23:31:07+00:00,youtube,L2-CTSMR
'Oli L2 CTSA Torrefied Spruce Acacia Concert,3AuOVsytXXg,2025-07-17 02:01:05+00:00,youtube,L2-CTSA
'Oli L2 CSR 1069,sTDGGnz6CXM,2025-06-22 02:17:22+00:00,youtube,L2-CSR
'Oli L2 CSR 799,zRlBU3vS-C8,2025-02-23 00:48:45+00:00,youtube,L2-CSR
'Oli L2 CSR 2025 Spruce Rosewood Concert,WcuYxImeiio,2025-02-05 01:12:53+00:00,youtube,L2-CSR
'Oli L2-CSR Spruce Rosewood Concert,BEaIK6AwPz0,2024-11-17 08:18:21+00:00,youtube,L2-CSR
'Oli L2 CSR,AQo_zqJEOUQ,2024-10-28 08:57:49+00:00,youtube,L2-CSR
'Oli L2 CSR Spruce Rosewood Concert w Mika,YVEQGYUnoQc,2024-06-08 07:58:35+00:00,youtube,L2-CSR
'Oli L2 CSR Concert Spruce Rosewood,Uwr5wQ-eM1M,2024-05-28 20:05:25+00:00,youtube,L2-CSR
'Oli L2 CSFM LB Concert Spruce Flame Maple Light Burst w Mika Kane,RxtGB3seKLg,2025-09-19 23:14:59+00:00,youtube,L2-CSFM
'Oli L2 CSFM LB Spruce Maple Light Burst Concert,oAyzQjK3UeY,2025-08-04 02:29:52+00:00,youtube,L2-CSFM
'Oli L2-CSFM Spruce Maple Concert,LTzd_qjCqIY,2024-10-12 23:31:33+00:00,youtube,L2-CSFM
'Oli Concert Spruce Ebony L2 CSE sample w Low G,w6HI3kLzZVI,2024-07-27 07:32:41+00:00,youtube,L2-CSE
'Oli Spruce Ebony Concert L2-CSE,-RtOCwJexIU,2024-06-04 20:11:21+00:00,youtube,L2-CSE
'Oli L2 Concert Spruce Ebony w High & Low G,zD-pCq2fMLM,2024-05-24 05:29:07+00:00,youtube,L2-CSE
'Oli L2 CSCQM 1749 Sinker Cypress Maple Concert,jc6vNNrlYnk,2025-09-28 21:16:12+00:00,youtube,L2-CSCQM
'Oli L2 CSCM 1259 Spruce Hawaiian Grown Cuban Mahogany Concert,4Wveo0XP6Qg,2025-09-21 05:26:05+00:00,youtube,L2-CSCM
'Oli L2 CSCM Spruce Cuban Mahogany Concert,ukWr4wZxRFU,2025-06-01 05:01:03+00:00,youtube,L2-CSCM
'Oli L2 CRW Redwood Walnut Concert 1225,fF1euBWryAs,2025-05-31 03:52:45+00:00,youtube,L2-CRW
'Oli L2-CRR Curly Redwood Rosewood Concert 832,7fNk5YvFyy0,2025-06-22 02:18:34+00:00,youtube,L2-CRR
'Oli l2 CRR 745,bQGOMwoxgsY,2025-02-08 19:47:28+00:00,youtube,L2-CRR
'Oli L2-CRR 752 Redwood Rosewood Concert,DLT2brKbUhc,2024-11-09 20:50:20+00:00,youtube,L2-CRR
'Oli L2 CCR Curly Redwood & Figured Rosewood Concert,-A5Yw9nPdr0,2024-10-12 23:30:38+00:00,youtube,L2-CRR
'Oli L2 CQM BL Quilted Maple Concert 1155,ff7o3eSwELE,2025-05-11 07:01:24+00:00,youtube,L2-CQM
'Oli L2 CQM LB 1047,-3SRZE38g20,2025-02-14 23:42:52+00:00,youtube,L2-CQM
'Oli L2 CQM BL Quilted Maple Concert,HsZEZZ5R4FM,2025-01-31 21:23:23+00:00,youtube,L2-CQM
'Oli L2-CPMG Concert Pineapple Mango,8gKlq1m6dQ8,2025-07-12 06:53:44+00:00,youtube,L2-CPMG
'Oli L2-CMR 1537 Myrtle Concert,ITcXbVH4BAQ,2025-09-21 01:18:14+00:00,youtube,L2-CMR
'Oli L2-CMR-SE Myrtle Concert Special Edition,qAzSSqGzzhY,2025-09-04 23:23:43+00:00,youtube,L2-CMR
'Oli L2 CMR Curly Myrtle Concert,T6Qaw6nV-qc,2025-08-04 02:43:21+00:00,youtube,L2-CMR
'Oli L2 CMR Tiger Myrtle Concert,N22bG_jN8NY,2025-05-14 21:11:15+00:00,youtube,L2-CMR
'Oli L2-CMG-SP Spalted Mango Concert,74M5f2W8iBo,2024-10-12 22:13:02+00:00,youtube,L2-CMGS
'Oli L2 CMG,CiRh5FccAIc,2025-07-14 01:48:46+00:00,youtube,L2-CMG
'Oli 2025 L2 Concert Mango,OPoaDZWwwmU,2025-02-07 22:08:42+00:00,youtube,L2-CMG
Comparing 6 Concert String Sets on 'Oli L2 CMG,oXxuvd2Im1w,2024-07-03 21:29:23+00:00,youtube,L2-CMG
'Oli L2 Mango Concert,hRSEitMRsrY,2024-05-23 23:01:53+00:00,youtube,L2-CMG
'Oli Mango Concert L2-CMG-G w Ian,ce7gyng9eYE,2023-11-17 19:14:29+00:00,youtube,L2-CMG
'Oli Mango Concert L2 MGC,Oj_48kO9R8w,2023-11-16 18:57:56+00:00,youtube,L2-CMG
'Oli L2 CK 373,26MtDz5l63s,2024-08-07 23:32:36+00:00,youtube,L2-CK
'Oli Concert Koa L2 CK 370,Glz0DSQiTQw,2024-07-27 08:36:46+00:00,youtube,L2-CK
'Oli L2 CK Luolu 374,Szh9zXfRWYY,2024-06-08 07:56:24+00:00,youtube,L2-CK
'Oli L2 CK Concert Koa,3KpJB2KERv0,2024-05-28 19:46:49+00:00,youtube,L2-CK
'Oli L2 CCW Cedar Walnut Concert,7CBLztOz62E,2024-10-13 23:50:07+00:00,youtube,L2-CCW
'Oli L2 CCR w Low G,JTrwghaM3Uc,2025-03-18 10:31:32+00:00,youtube,L2-CCR
'Oli L2-CCR 1096 w Kalei,fg3aNABfiZ4,2025-03-18 10:27:26+00:00,youtube,L2-CCR
'Oli L2 CCR Cedar Rosewood Concert,LGYh2ZiOJpU,2025-02-05 01:12:20+00:00,youtube,L2-CCR
'Oli L2-CCR Cedar Rosewood Concert,aCvguWK34vw,2024-11-17 08:17:58+00:00,youtube,L2-CCR
'Oli Cedar Rosewood Concert,9ie6JcRcsEM,2024-05-05 09:41:22+00:00,youtube,L2-CCR
'Oli L2 CCPW Port Orford Cedar Walnut Concert,bCuTF73J678,2025-05-14 23:07:01+00:00,youtube,L2-CCPW
'Oli L2 CCPMR Curly PO Cedar Tiger Myrtle Concert,zBXi9Zg8m8E,2025-10-20 01:26:37+00:00,youtube,L2-CCPMR
'Oli L2-CCPMR Concert Port Orford Cedar Myrtle 1533,E5atavzpppo,2025-09-21 05:19:59+00:00,youtube,L2-CCPMR
'Oli L2 CCPMR 1531 Curly PO Cedar Myrtle Concert,x5lwhNQUSvQ,2025-08-04 01:58:16+00:00,youtube,L2-CCPMR
'Oli L2 CCE Cedar Ebony Concert w Mika,6n5BTsW2Nfc,2024-06-08 07:59:27+00:00,youtube,L2-CCE
'Oli L2-CCCM 1267 Cedar Hawaiian Cuban Mahogany Concert,2fglkjvNKLU,2025-06-22 02:20:28+00:00,youtube,L2-CCCM
'Oli L2 CCAS Concert Cedar Acacia Satin,vfIHtDjlbT8,2024-08-12 07:25:13+00:00,youtube,L2-CCA-S
'Oli L2 CCA Cedar Acacia Concert w Mika,wl1SpoujiRM,2024-06-08 07:58:59+00:00,youtube,L2-CCA
'Oli L2-BTSR Torrefied Spruce Rosewood Baritone,O3ZyEqrBR1M,2024-11-16 20:59:52+00:00,youtube,L2-BTSR
'Oli L2 BTSR Torrefied Spruce Rosewood Baritone,x9ZNIy75QqI,2024-10-05 20:39:31+00:00,youtube,L2-BTSR
'Oli L2-BTSMR 689 Baritone Torrefied Spruce Myrtle Limited Edition,6m6V7lV8yg4,2025-03-08 00:49:58+00:00,youtube,L2-BTSMR
'Oli L2-BTSMR 684,cU0AnCPEduk,2025-02-15 00:06:09+00:00,youtube,L2-BTSMR
'Oli L2 BTSMR 691,SnmXw7vWy7I,2024-11-08 21:37:29+00:00,youtube,L2-BTSMR
'Oli L2 BTSMR Torrefied Spruce Myrtle Baritone 696,31EdPJtmVPU,2024-10-28 08:56:40+00:00,youtube,L2-BTSMR
'Oli L2-BTSMR 690 Torrefied Spruce Myrtle Baritone,JMqVqak69jU,2024-10-13 23:01:40+00:00,youtube,L2-BTSMR
'Oli L2 BTSMR Torrefied Spruce Myrtle Baritone,6OASXiX870I,2024-10-03 19:41:11+00:00,youtube,L2-BTSMR
'Oli L2 BTSCM Torrefied Spruce Hawaiian Mahogany Baritone,LJ2USq9lVpI,2025-05-12 21:00:44+00:00,youtube,L2-BTSCM
'Oli L2 BTSA Torrefied Spruce Acacia Baritone,qbWx32Utyd8,2025-07-13 22:22:00+00:00,youtube,L2-BTSA
'Oli L2-BSR Spruce Rosewood Baritone,pVLOXLcSs_4,2025-07-14 02:39:07+00:00,youtube,L2-BSR
'Oli L2-BSR Spruce Rosewood Baritone 208,2QbE-g2aYnA,2025-03-25 19:26:59+00:00,youtube,L2-BSR
'Oli L2-BSR 2025 1102,Bcng08Q5kOo,2025-02-08 20:27:49+00:00,youtube,L2-BSR
'Oli L2-BSR v3 Spruce Rosewood Baritone,Z9w9GMqXe5M,2024-10-12 01:22:15+00:00,youtube,L2-BSR
'Oli L2 BSR V2 Spruce Rosewood Baritone,pBMLOLj9UiE,2024-08-09 21:58:21+00:00,youtube,L2-BSR
'Oli L2 Spruce Rosewood Baritone,eCu7Rgt7iWg,2024-05-27 06:03:26+00:00,youtube,L2-BSR
'Oli Spruce Rosewood L2 Baritone,TkO2YRW2vQE,2024-02-28 22:45:18+00:00,youtube,L2-BSR
'Oli L2-BSQM-SB Spruce Quilted Maple Sunburst Baritone,-QxAxACwwPI,2024-10-12 01:24:19+00:00,youtube,L2-BSQM
'Oli L2 BSKMR Spruce Myrtle Baritone,RdacCQIT_uw,2025-10-03 23:35:01+00:00,youtube,L2-BSKMR
'Oli L2 BSFM LB Spruce Flame Maple Light Burst Baritone,eJH8yZzbb7M,2025-08-04 02:44:02+00:00,youtube,L2-BSFM
'Oli Baritone L2 BSFM BR 798,LcPSAmOU_dw,2025-02-23 00:49:03+00:00,youtube,L2-BSFM
'Oli L2 BSFM-LB 1071 Spruce Maple Baritone,DAscxwat_Vc,2025-02-14 21:37:03+00:00,youtube,L2-BSFM
'Oli L2-BSFM-BR Spruce Flame Maple Baritone,MaHcDDrlE7I,2024-11-16 20:57:08+00:00,youtube,L2-BSFM
'Oli L2-BSFM Spruce Top Flame Maple Baritone,xKluQpe_nFk,2024-10-04 08:39:49+00:00,youtube,L2-BSFM
'Oli L2 BSE 862,9NUeYBhX9dU,2025-02-23 01:54:12+00:00,youtube,L2-BSE
'Oli L2-BSE Spruce Ebony Baritone,r1zpsaNpI1g,2024-11-16 20:59:18+00:00,youtube,L2-BSE
'Oli L2-BSE-SB Sunburst Spruce Ebony Baritone,b96nfKXYWdM,2024-11-16 20:58:11+00:00,youtube,L2-BSE
'Oli L2 BSE V2 Spruce Macassar Ebony Baritone,bp-rjwVo5nY,2024-08-09 11:23:43+00:00,youtube,L2-BSE
'Oli L2 BSE Baritone Spruce Ebony w Mika,lG8kVrAajv0,2024-06-08 07:57:53+00:00,youtube,L2-BSE
'Oli L2 Spruce Ebony Baritone,R5cMlwokGlg,2024-03-07 04:09:38+00:00,youtube,L2-BSE
'Oli L2-BSCFM Baritone w High D,7eht637Fgdg,2025-10-06 22:14:16+00:00,youtube,L2-BSCFM
'Oli L2-BSCFM 1699 Sinker Cypress Maple,Shmv2gexjME,2025-09-28 20:21:36+00:00,youtube,L2-BSCFM
'Oli L2 BRW Sinker Redwood Walnut Baritone,fCSFtzogbMQ,2025-08-04 01:08:32+00:00,youtube,L2-BRW
'Oli L2 BRW 1204 Redwood Walnut Diamond Head Moon Baritone,mGwUgVKQs_k,2025-07-21 07:05:03+00:00,youtube,L2-BRW
'Oli L2 BRW Redwood Walnut Diamond Head Moon Baritone,WCd0fltpEsc,2025-05-14 21:58:30+00:00,youtube,L2-BRW
'Oli L2 BRR 608,QxFFVUr9EqQ,2025-03-08 01:43:24+00:00,youtube,L2-BRR
'Oli Baritone L2 BRR 650,nMw6YZwnGus,2025-02-23 00:49:19+00:00,youtube,L2-BRR
'Oli L2 BRR 609 Redwood Rosewood Baritone,-ShR62NaQ5M,2025-02-08 20:25:12+00:00,youtube,L2-BRR
'Oli BRR 645 Redwood Rosewood Baritone,rwmW680HZCM,2025-02-08 18:54:45+00:00,youtube,L2-BRR
'Oli L2-BRR Redwood Rosewood Baritone,kw116fM159g,2024-10-13 23:00:04+00:00,youtube,L2-BRR
'Oli L2-BRR Redwood Rosewood Baritone,f67SM7I5oYg,2024-10-04 21:19:13+00:00,youtube,L2-BRR
'Oli Redwood Rosewood Baritone L2 BRR 606,bVADBnIbcrc,2024-08-25 07:49:16+00:00,youtube,L2-BRR
'Oli L2 BRR 642 Redwood Rosewood,Md7Cl_Tb4P4,2024-08-24 21:30:41+00:00,youtube,L2-BRR
'Oli L2 BRCM Redwood Cuban Hawaiian Mahogany 1174,m8q112Vr7Js,2025-05-12 20:34:41+00:00,youtube,L2-BRCM
'Oli L2-BRCM 1177 Redwood Hawaiian (Cuban) Mahogany Baritone,7sp8cCNh6Rs,2025-04-23 10:08:59+00:00,youtube,L2-BRCM
'Oli L2 BQM 844 Quilted Maple Baritone,-8DAEx3BU8g,2025-06-01 03:10:18+00:00,youtube,L2-BQM
'Oli L2 BQM BL Quilted Maple Baritone,dAzkjR_Jsnc,2025-01-20 02:54:09+00:00,youtube,L2-BQM
'Oli L2 BQM LB,XZXBMHw3FmQ,2025-01-19 22:38:40+00:00,youtube,L2-BQM
'Oli L2 BMR Myrtle Baritone 1200,ODUFkjCwndg,2025-05-20 21:20:56+00:00,youtube,L2-BMR
'Oli L2 BMR 733,yuMy6CSvF28,2025-02-14 23:53:01+00:00,youtube,L2-BMR
'Oli L2-BMR Myrtle Baritone,3U8nR7XUqK4,2024-10-13 23:01:20+00:00,youtube,L2-BMR
'Oli L2-BMR Myrtle Baritone,Mebs3MDnzOY,2024-10-04 07:20:56+00:00,youtube,L2-BMR
'Oli L2 BMGS-LE Spalted Mango Baritone,QlInCin8PIg,2024-10-12 22:12:11+00:00,youtube,L2-BMGS
'Oli L2-BMG-S Mango Baritone Satin,KusjHeMtlIQ,2025-10-16 20:23:08+00:00,youtube,L2-BMG-S
'Oli L2 BMG BK Baritone Mango,9sHyRptKVBc,2025-12-01 03:45:19+00:00,youtube,L2-BMG
'Oli L2-BMG Mango Baritone 1505,Iqeia3_o6Vc,2025-07-13 08:31:11+00:00,youtube,L2-BMG
'Oli 2025 L2-BMG 1038,zTu__bpOOkA,2025-02-10 03:29:24+00:00,youtube,L2-BMG
'Oli L2 BMG Mango Baritone w 3 Different String Configurations,fn2Q-Y8OI5o,2024-08-09 21:58:42+00:00,youtube,L2-BMG
'Oli L2 Mango Baritone,s1FzFA5sE6s,2024-03-06 17:11:01+00:00,youtube,L2-BMG
'Oli Mango Baritone Samples w Ian,OfYorkjhkCo,2023-11-16 20:48:05+00:00,youtube,L2-BMG
'Oli Mango Baritone L2 MGB,K1WS2LC0U2s,2023-11-16 19:13:03+00:00,youtube,L2-BMG
'Oli L2 BK 317 Koa Baritone,ajZLMd6mnp0,2025-03-13 18:30:55+00:00,youtube,L2-BK
'Oli L2 BK 325 Koa Baritone,OwlUDJLhAKI,2025-02-08 19:41:01+00:00,youtube,L2-BK
'Oli L2 Bk 665 Koa Baritone,oJ_ZjJ7I0-M,2025-02-08 19:36:36+00:00,youtube,L2-BK
'Oli L2 BK 669 Koa Baritone,5iUYOEsfexE,2025-02-08 19:34:46+00:00,youtube,L2-BK
'Oli L2 BK 316 Koa Baritone,rHJJgb8pbIo,2025-02-08 19:21:49+00:00,youtube,L2-BK
'Oli L2 BK 251 Koa Baritone,2473t_wtxdA,2025-02-08 19:12:40+00:00,youtube,L2-BK
'Oli L2 BK 236 Baritone Koa,Chp2cwjW1v0,2024-10-28 08:57:05+00:00,youtube,L2-BK
'Oli L2-BK Koa Baritone,r_boSxcGVhs,2024-10-13 23:00:55+00:00,youtube,L2-BK
'Oli L2 BK 271 Koa Baritone,di9KR6mFCNU,2024-08-25 03:36:19+00:00,youtube,L2-BK
'Oli Mastegrade Koa Baritone L2-BK 255,ox0FrtcInNU,2024-08-07 23:24:23+00:00,youtube,L2-BK
'Oli L2 BK Laolu 328,z-F01J4eDuQ,2024-07-26 10:26:02+00:00,youtube,L2-BK
'Oli L2 BK Uhi 324,eyggDk_gSo4,2024-07-26 09:13:18+00:00,youtube,L2-BK
'Oli Koa Baritone L2 BK Laolu,xpv9ZTFoo_M,2024-06-08 05:57:03+00:00,youtube,L2-BK
'Oli L2 BK Baritone Koa,QSUmb8FhdPs,2024-05-28 20:14:21+00:00,youtube,L2-BK
"'Oli L2 Koa Baritone ""Loulu"" 335",pxZ1atAoOFA,2024-05-27 05:33:18+00:00,youtube,L2-BK
"'Oli L2 Koa Baritone ""Uhi"" 261",_vCUfMGJEA4,2024-05-24 21:49:44+00:00,youtube,L2-BK
"'Oli Koa Baritone ""Uhi""",hX22sy42QD8,2024-03-14 03:29:38+00:00,youtube,L2-BK
'Oli  L2-BCW Cedar Walnut Baritone,HXjNOfoqUzE,2024-10-11 23:11:24+00:00,youtube,L2-BCW
'Oli Cedar Rosewood Baritone L2-BCR 1497,XzNh7vxLy3A,2025-09-12 06:25:31+00:00,youtube,L2-BCR
'Oli L2-BCR 1062,4UMO0Eo0yk0,2025-07-24 01:53:16+00:00,youtube,L2-BCR
'Oli NEW L2-BCR 1500 Cedar Rosewood Baritone,e9aPUGPfy6k,2025-07-12 05:43:35+00:00,youtube,L2-BCR
'Oli 2025 L2 BCR,jyQJnSxNgh0,2025-02-08 20:49:01+00:00,youtube,L2-BCR
'Oli L2-BCR Cedar Rosewood Baritone,N45fxH4AR9E,2024-11-16 20:58:38+00:00,youtube,L2-BCR
'Oli L2 Cedar Rosewood Baritone,qgPeQYPmIdY,2024-03-11 04:30:28+00:00,youtube,L2-BCR
'Oli L2-BCPW 1202 Port Orford Cedar Walnut Baritone,7trxU1gHqiU,2025-04-23 09:44:07+00:00,youtube,L2-BCPW
'Oli L2-BCPMR Port Orford Cedar Myrtle Baritone,lNISurXrTgI,2025-10-20 01:22:11+00:00,youtube,L2-BCPMR
'Oli L2 BCPMR Port Orforford Cedar Myrtle Baritone,_B6sHsCgvTE,2025-08-04 00:00:41+00:00,youtube,L2-BCPMR
'Oli Port Orford Cedar Myrtle Baritone L2-BCPMR 1205,vZgdz3o2vHw,2025-06-12 23:22:54+00:00,youtube,L2-BCPMR
'Oli L2-BCM Curly Maple Baritone,UPjhv7yQP2k,2024-10-12 01:23:31+00:00,youtube,L2-BCM
'Oli Cedar Ebony Baritone 4 Strings Auction,QvYr9FaFIn8,2024-09-14 18:34:36+00:00,youtube,L2-BCE
'Oli L2 BCE V2 Cedar Maccasar Ebony Baritone,TuSjuqhjym0,2024-08-09 21:57:55+00:00,youtube,L2-BCE
'Oli L2-BCE Baritone Cedar Ebony V2,wH6khWtmCq8,2024-08-05 04:48:24+00:00,youtube,L2-BCE
'Oli L2 BCE Cedar Ebony Baritone,K30riOSznUE,2024-03-25 03:05:10+00:00,youtube,L2-BCE
'Oli Cedar Macassar L2 Baritone,uDCKmlLujrs,2024-02-28 22:42:13+00:00,youtube,L2-BCE
'Oli L2 BCAS Baritone Cedar Acacia Satin,gydjD5VKZGU,2024-08-12 06:54:38+00:00,youtube,L2-BCA-S
'Oli L2-BCA Cedar Acacia Baritone V2,CFPprogW2-M,2024-08-05 05:08:09+00:00,youtube,L2-BCA
'Oli Baritone Cedar Acacia L2 BCA,0dzwp9R6F3k,2024-05-26 21:31:45+00:00,youtube,L2-BCA
'Oli L1 TSW Spruce Weru Tenor,Op5hUHmjFWM,2024-10-14 03:19:05+00:00,youtube,L1-TSWU-S
'Oli L1SP TSWA VB Spruce Waru Vintage Burst Tenor,bWtYd3jsuNs,2025-07-14 00:52:52+00:00,youtube,L1-TSWA
'Oli L1SP-TSWA-VB Spruce Waru Vintage Burst Tenor,3z5VE4TXu6c,2025-01-31 19:41:02+00:00,youtube,L1-TSWA
'Oli L1 TSMU Spruce top Merbau Tenor,3Og2_nBuHUs,2024-10-05 03:25:01+00:00,youtube,L1-TSMU-S
'Oli L1SP-TSKMR Sitka Spruce Myrtle Tenor,E15bbTv257c,2025-08-04 00:42:46+00:00,youtube,L1-TSKMR
'Oli L1SP TA w Uke Logic HT Low G,bH4FSkCSCf0,2024-08-09 22:00:49+00:00,youtube,L1-TSA
'Oli L1SP TA Spruce Top Acacia Tenor,b6DkAEx4_Qk,2024-08-05 21:44:32+00:00,youtube,L1-TSA
'Oli L1 TPMG Mango Pineapple Tenor,qYeqrVREuWo,2025-05-16 05:10:07+00:00,youtube,L1-TPMG
'Oli L1-TPMG Mango Pineapple Tenor,AACVi1kq-bg,2025-02-07 19:52:04+00:00,youtube,L1-TPMG
'Oli L1-TMR Myrtle Tenor,Ky1eEG5qC6Y,2025-08-04 00:52:11+00:00,youtube,L1-TMR
'Oli L1-TMG-S High G Sample w Mika,ZAML_k3NQPg,2025-10-06 21:55:46+00:00,youtube,L1-TMG-S
'Oli L1 TMGS v2 Mango Tenor Satin,mSzbaVdqEUg,2024-08-31 06:53:56+00:00,youtube,L1-TMG-S
'Oli L1 Mango Tenor Satin,loV_awbwQUw,2024-03-05 01:36:40+00:00,youtube,L1-TMG-S
'Oli L1 Mango Tenor Satin,Soq6E4n5itM,2024-03-02 20:28:27+00:00,youtube,L1-TMG-S
'Oli L1 TMG Mango Tenor Gloss,-H8O9hOtY6I,2025-01-29 22:21:44+00:00,youtube,L1-TMG-LH
'Oli L1-TMG High G Sample,BAKO_iVh3iU,2025-10-06 21:44:47+00:00,youtube,L1-TMG
'Oli L1SP TMGBK Mango Tenor,YNPbOKeQnvY,2025-05-15 00:46:24+00:00,youtube,L1-TMG
'Oli L1 TMG Mango Tenor Gloss,-H8O9hOtY6I,2025-01-29 22:21:44+00:00,youtube,L1-TMG
'Oli L1-TMG v2 Mango Tenor,W-WZyw89dOg,2024-08-31 03:52:44+00:00,youtube,L1-TMG
'Oli L1 Mango Tenor,XByuCDF8o0w,2024-03-04 23:56:04+00:00,youtube,L1-TMG
'Oli L1 Mango Tenor,Rs3343kcjXk,2024-03-02 20:28:56+00:00,youtube,L1-TMG
'Oli L1 TCA S Cedar Top Acacia Satin Tenor,MNqIXfH0Spg,2025-01-06 05:35:06+00:00,youtube,L1-TCA-S
'Oli L1 TCA Cedar Acacia Tenor,NYfMb3K0YnI,2025-01-06 05:33:48+00:00,youtube,L1-TCA
'Oli L1 TAS High G Sample w Mika,N3DqubZcE5E,2025-10-08 22:04:33+00:00,youtube,L1-TA-S
'Oli L1 TAS 963,qIKqcWcqiIg,2025-02-10 03:24:59+00:00,youtube,L1-TA-S
'Oli L1 TAS Acacia Tenor Satin,aOij70UcpiI,2025-01-10 07:52:49+00:00,youtube,L1-TA-S
Oli L1 TAS v2 Acacia Tenor Satin,hTiMM-sD5U0,2024-08-31 06:54:49+00:00,youtube,L1-TA-S
'Oli L1 TAS  Satin Acacia Tenor,508tEJP_J0w,2024-03-31 20:13:38+00:00,youtube,L1-TA-S
'Oli L1-TA High G Sample w Mika,cOmoVKRs6IE,2025-10-08 21:16:37+00:00,youtube,L1-TA
'Oli L1 TA Acacia Tenor Gloss w High G,HYj4Ajz2II4,2025-03-18 10:49:11+00:00,youtube,L1-TA
'Oli L1 TA 2025 Tenor Acacia,OVPwYlJq0Bg,2025-01-10 01:36:55+00:00,youtube,L1-TA
'Oli L1-TA Acacia Gloss Tenor (2025),JA81lCDvauE,2025-01-04 01:41:29+00:00,youtube,L1-TA
'Oli L1-TA v2 Acacia Tenor,2HuYmkfbmxo,2024-08-31 05:09:42+00:00,youtube,L1-TA
'Oli L1 TA Acacia Tenor Gloss,JZZWiAJoqtE,2024-05-15 00:27:15+00:00,youtube,L1-TA
'Oli L1 Acacia Tenor,y_PTYfaS2tM,2024-03-02 20:27:54+00:00,youtube,L1-TA
'Oli L1-KMG-S Kawili w Low G,7kgUHkpQYMU,2026-01-29 20:27:21+00:00,youtube,L1-KMG-S
'Oli L1-KMG S Mango Kawili,6QjHh1YJYqk,2026-01-29 00:38:33+00:00,youtube,L1-KMG-S
'Oli L1 CSWU Spruce Weru Concert,L0YRkrz3p_Y,2024-11-17 08:18:42+00:00,youtube,L1-CSWU-S
'Oli L1-CSMU Spruce Top Merbau Concert,OMjMfnA9_VE,2024-11-17 08:58:59+00:00,youtube,L1-CSMU-S
'Oli L1-CMR Myrtle Concert,WGt5K3woqho,2025-10-03 07:06:34+00:00,youtube,L1-CMR
'Oli L1 CMGS 919,z4wReLDOiTc,2025-02-10 03:27:20+00:00,youtube,L1-CMG-S
'Oli L1 CMGS 2025 Concert Mango Satin,vHmlFiegehE,2025-01-29 23:01:43+00:00,youtube,L1-CMG-S
'Oli L1 CMGS Satin Mango Concert,GFjqsXCJmkE,2024-03-31 20:27:20+00:00,youtube,L1-CMG-S
'Oli L1 CMG Concert Mango w Matt Dahlberg,AOg1Pn8G7S0,2025-01-11 23:12:14+00:00,youtube,L1-CMG
'Oli L1 Concert Mango,SITcQvzucKo,2024-03-08 19:43:59+00:00,youtube,L1-CMG
'Oli L1 CCWU-S Cedar Weru Concert,zMuo6U9QGJQ,2024-10-12 22:29:15+00:00,youtube,L1-CCWU-S
'Oli L1SP CCPMR PO Cedar Myrtle Concert,gsqmlrAh3m4,2025-10-03 07:26:44+00:00,youtube,L1-CCPMR
'Oli L1-CCAS Cedar Top Acacia Concert,IM1deDZkyTE,2025-01-06 05:35:31+00:00,youtube,L1-CCA-S
'Oli L1 CCA Cedar Top Acacia Concert,JE_UBPRGYMU,2025-01-06 05:36:07+00:00,youtube,L1-CCA
'Oli 2025 L1-CAS 1055 Acacia Satin Concert,n0sEYxxe7y0,2025-02-08 20:00:06+00:00,youtube,L1-CA-S
'Oli L1 CAS Acacia Concert Satin,c31OguvLAAA,2025-01-10 00:39:02+00:00,youtube,L1-CA-S
'Oli L1 CAS Satin Acacia Tenor,PCZN5j1CQoM,2024-03-31 19:57:26+00:00,youtube,L1-CA-S
'Oli L1-CA Concert Acacia w Kalei,tN1iK9HDIl8,2025-01-10 01:45:24+00:00,youtube,L1-CA
'Oli L1 CA 2025 Acacia Concert,p0ncTrkOjoM,2025-01-10 01:03:16+00:00,youtube,L1-CA
'Oli L1 Acacia Concert,ZrJQeXvp4HE,2024-03-08 19:44:24+00:00,youtube,L1-CA
'Oli L1-BSW Baritone Spruce Weru,Jvikcb71dCg,2024-10-14 03:16:12+00:00,youtube,L1-BSWU-S
'Oli L1SP-BSWA Spruce Waru Vintage Burst Baritone,9Zn7TWt7QIY,2025-07-17 08:28:59+00:00,youtube,L1-BSWA
'Oli L1SP-BSWA Baritone Spruce Waru Vintage Burst w Corey and Matt,JVz1wumivMo,2025-02-03 03:38:17+00:00,youtube,L1-BSWA
'Oli L1-BSMU Spruce Merbau Baritone,SSdVw7I5FaI,2024-10-13 23:01:58+00:00,youtube,L1-BSMU-S
'Oli L1SP BA Spruce top Acacia Baritone,-mvYNLFPa0w,2024-08-05 21:47:29+00:00,youtube,L1-BSA
'Oli L1-BMGS Baritone Mango Satin,qtIlSqUWQmM,2024-10-11 22:51:32+00:00,youtube,L1-BMG-S
'Oli L1 Mango Baritone Satin,khwhxdSi-mY,2024-02-29 11:36:37+00:00,youtube,L1-BMG-S
'Oli L1SP-BMG-BK Mango Baritone,__RoMIAxDwk,2025-05-21 04:33:53+00:00,youtube,L1-BMG
'Oli L1 BMG w High D Reentrant tuning,qeaBRTI-mrA,2025-03-18 10:55:24+00:00,youtube,L1-BMG
'Oli 2025 L1 Baritone Mango Gloss,IhQFo9gYmus,2025-02-07 22:08:19+00:00,youtube,L1-BMG
'Oli L1-BMG Baritone Mango Gloss,NW4n7Afwym0,2024-10-11 22:51:56+00:00,youtube,L1-BMG
'Oli L1 MGBG Mango Baritone,uBJy6pgpNIU,2024-01-30 08:53:20+00:00,youtube,L1-BMG
'Oli L1-BCPMR Port Orford Cedar Myrtle Baritone,kFOTmrnh0D8,2025-10-06 19:30:03+00:00,youtube,L1-BCPMR
'Oli L1 BCA S Cedar Acacia Baritone Satin,HJETyix5PeY,2025-01-06 05:36:24+00:00,youtube,L1-BCA-S
'Oli L1 BCAS Cedar Acacia Baritone,0gdItaqeLkk,2024-10-17 05:44:26+00:00,youtube,L1-BCA-S
'Oli L1 BCA,ESZk4DmWXuc,2025-01-06 05:33:26+00:00,youtube,L1-BCA
'Oli L1 BAS Acacia Baritone,0w5Fdm27YEk,2024-10-11 21:26:15+00:00,youtube,L1-BA-S
'Oli L1 Acacia Baritone Satin,nIXapx821eY,2024-03-03 20:10:36+00:00,youtube,L1-BA-S
'Oli L1-BA Acacia Baritone,alB_BPTYCeI,2024-10-11 21:02:58+00:00,youtube,L1-BA
'Oli L1 Acacia Baritone,Lb8ybMXLMIc,2024-03-03 20:09:05+00:00,youtube,L1-BA
'Oli L-TM-S High G Sample w Mika,pRDswNcSRmY,2025-10-06 22:07:52+00:00,youtube,L-TMH-S
'Oli L-TM-S Satin Mahogany Tenor,Nj-WvhE59Ek,2025-05-11 04:16:25+00:00,youtube,L-TMH-S
'Oli L-TMG-S Mango Tenor,-a8Htsage2c,2025-07-12 04:05:07+00:00,youtube,L-TMG-S
'Oli L TMG Tenor Gloss Mango,KP5pSjDFkkY,2025-11-29 21:58:28+00:00,youtube,L-TMG
'Oli L-TA-S Acacia Tenor,Vs5t3ISGJoM,2025-07-12 04:44:24+00:00,youtube,L-TA-S
'Oli L TA Gloss Acacia Tenor,MkZ8zJUIPZQ,2025-12-10 09:27:08+00:00,youtube,L-TA
'Oli L-CM-S Satin Mahogany Concert,lpPQExQbSZI,2025-05-11 04:02:27+00:00,youtube,L-CMH-S
'Oli L-CMG-S Mango Concert,2xi4DMxrXak,2025-07-12 04:12:59+00:00,youtube,L-CMG-S
'Oli L CMG Concert Gloss Mango,18AwTKzG8R8,2025-11-29 21:50:21+00:00,youtube,L-CMG
'Oli L-CA-S Acacia Concert,wnyE1tXdQ10,2025-07-12 04:42:02+00:00,youtube,L-CA-S
'Oli L CA Acacia Concert,STk-O95HRQI,2025-12-04 08:42:48+00:00,youtube,L-CA
'Oli L-BM-S Satin Mahogany Baritone,NXrSovQvnTE,2025-05-11 04:44:23+00:00,youtube,L-BMH-S
'Oli L-BMG-S Mango Baritone,lGxw2Dy_Eqc,2025-07-12 04:27:21+00:00,youtube,L-BMG-S
'Oli L BMG Mango Gloss Baritone,h0yptpybl-o,2025-11-29 22:04:25+00:00,youtube,L-BMG
'Oli L-BA-S Acacia Baritone,QQP9af-1LKk,2025-07-12 05:14:44+00:00,youtube,L-BA-S
