position,video_title,published_at,video_id,video_thumbnail,playlist_id,video_provider,published_at_2
1,'Oli L1 MGBG Mango Baritone,2024-01-30T08:53:20Z,uBJy6pgpNIU,https://i.ytimg.com/vi/uBJy6pgpNIU/default.jpg,PLEQbDXy0ShuWQ4iKD4YVC1iOj3uKY1R-2,youtube,2024-01-30 08:53:20+00:00
2,"O.C. Bear Custom Lahaina Guitar & ‘Oli Cedar Ebony Tenor ""Everything I do I Do It For You""",2024-02-01T06:45:13Z,aFgun3_F1fQ,https://i.ytimg.com/vi/aFgun3_F1fQ/default.jpg,PLEQbDXy0ShuWQ4iKD4YVC1iOj3uKY1R-2,youtube,2024-02-01 06:45:13+00:00
3,'Oli L2 TCE Cedar Macassar Ebony Tenor,2024-02-01T06:46:51Z,mSw_GV9LxOM,https://i.ytimg.com/vi/mSw_GV9LxOM/default.jpg,PLEQbDXy0ShuWQ4iKD4YVC1iOj3uKY1R-2,youtube,2024-02-01 06:46:51+00:00
4,'Oli Cedar Macassar L2 Baritone,2024-02-28T22:42:13Z,uDCKmlLujrs,https://i.ytimg.com/vi/uDCKmlLujrs/default.jpg,PLEQbDXy0ShuWQ4iKD4YVC1iOj3uKY1R-2,youtube,2024-02-28 22:42:13+00:00
5,'Oli Spruce Rosewood L2 Baritone,2024-02-28T22:45:18Z,TkO2YRW2vQE,https://i.ytimg.com/vi/TkO2YRW2vQE/default.jpg,PLEQbDXy0ShuWQ4iKD4YVC1iOj3uKY1R-2,youtube,2024-02-28 22:45:18+00:00
6,'Oli L1 Mango Baritone Satin,2024-02-29T11:36:37Z,khwhxdSi-mY,https://i.ytimg.com/vi/khwhxdSi-mY/default.jpg,PLEQbDXy0ShuWQ4iKD4YVC1iOj3uKY1R-2,youtube,2024-02-29 11:36:37+00:00
7,'Oli L2 Cedar Acacia Satin,2024-03-02T20:26:51Z,u5KrGSLuAXc,https://i.ytimg.com/vi/u5KrGSLuAXc/default.jpg,PLEQbDXy0ShuWQ4iKD4YVC1iOj3uKY1R-2,youtube,2024-03-02 20:26:51+00:00
8,'Oli L2 Cedar Acacia Tenor,2024-03-02T20:27:22Z,WL27LBQ945s,https://i.ytimg.com/vi/WL27LBQ945s/default.jpg,PLEQbDXy0ShuWQ4iKD4YVC1iOj3uKY1R-2,youtube,2024-03-02 20:27:22+00:00
9,'Oli L1 Acacia Tenor,2024-03-02T20:27:54Z,y_PTYfaS2tM,https://i.ytimg.com/vi/y_PTYfaS2tM/default.jpg,PLEQbDXy0ShuWQ4iKD4YVC1iOj3uKY1R-2,youtube,2024-03-02 20:27:54+00:00
10,'Oli L1 Mango Tenor Satin,2024-03-02T20:28:27Z,Soq6E4n5itM,https://i.ytimg.com/vi/Soq6E4n5itM/default.jpg,PLEQbDXy0ShuWQ4iKD4YVC1iOj3uKY1R-2,youtube,2024-03-02 20:28:27+00:00
11,'Oli L1 Mango Tenor,2024-03-02T20:28:56Z,Rs3343kcjXk,https://i.ytimg.com/vi/Rs3343kcjXk/default.jpg,PLEQbDXy0ShuWQ4iKD4YVC1iOj3uKY1R-2,youtube,2024-03-02 20:28:56+00:00
12,'Oli L1 Acacia Baritone,2024-03-03T20:09:05Z,Lb8ybMXLMIc,https://i.ytimg.com/vi/Lb8ybMXLMIc/default.jpg,PLEQbDXy0ShuWQ4iKD4YVC1iOj3uKY1R-2,youtube,2024-03-03 20:09:05+00:00
13,'Oli L1 Acacia Baritone Satin,2024-03-03T20:10:36Z,nIXapx821eY,https://i.ytimg.com/vi/nIXapx821eY/default.jpg,PLEQbDXy0ShuWQ4iKD4YVC1iOj3uKY1R-2,youtube,2024-03-03 20:10:36+00:00
14,'Oli L1 Mango Tenor,2024-03-04T23:56:04Z,XByuCDF8o0w,https://i.ytimg.com/vi/XByuCDF8o0w/default.jpg,PLEQbDXy0ShuWQ4iKD4YVC1iOj3uKY1R-2,youtube,2024-03-04 23:56:04+00:00
15,'Oli L1 Mango Tenor Satin,2024-03-05T01:36:40Z,loV_awbwQUw,https://i.ytimg.com/vi/loV_awbwQUw/default.jpg,PLEQbDXy0ShuWQ4iKD4YVC1iOj3uKY1R-2,youtube,2024-03-05 01:36:40+00:00
16,'Oli L2 Mango Baritone,2024-03-06T17:11:01Z,s1FzFA5sE6s,https://i.ytimg.com/vi/s1FzFA5sE6s/default.jpg,PLEQbDXy0ShuWQ4iKD4YVC1iOj3uKY1R-2,youtube,2024-03-06 17:11:01+00:00
17,'Oli L2 Mango Tenor,2024-03-06T17:11:49Z,7-ng4od9E60,https://i.ytimg.com/vi/7-ng4od9E60/default.jpg,PLEQbDXy0ShuWQ4iKD4YVC1iOj3uKY1R-2,youtube,2024-03-06 17:11:49+00:00
18,"'Oli Koa Tenor ""Loulu"" 0146",2024-03-06T21:45:52Z,mvHvi-3nnu4,https://i.ytimg.com/vi/mvHvi-3nnu4/default.jpg,PLEQbDXy0ShuWQ4iKD4YVC1iOj3uKY1R-2,youtube,2024-03-06 21:45:52+00:00
19,"'Oli Koa Tenor ""Uhi"" 0076",2024-03-06T21:48:23Z,tldcsOZN74A,https://i.ytimg.com/vi/tldcsOZN74A/default.jpg,PLEQbDXy0ShuWQ4iKD4YVC1iOj3uKY1R-2,youtube,2024-03-06 21:48:23+00:00
20,"'Oli Koa Tenor ""Loulu"" 0117",2024-03-06T22:17:35Z,SGuTHydddz8,https://i.ytimg.com/vi/SGuTHydddz8/default.jpg,PLEQbDXy0ShuWQ4iKD4YVC1iOj3uKY1R-2,youtube,2024-03-06 22:17:35+00:00
21,'Oli Koa Tenor Uhi 0147,2024-03-06T22:19:37Z,HVqXU0gfEyY,https://i.ytimg.com/vi/HVqXU0gfEyY/default.jpg,PLEQbDXy0ShuWQ4iKD4YVC1iOj3uKY1R-2,youtube,2024-03-06 22:19:37+00:00
22,"'Oli Koa Tenor ""Loulu"" 150 w High G",2024-03-06T23:58:52Z,90WJ5B2io90,https://i.ytimg.com/vi/90WJ5B2io90/default.jpg,PLEQbDXy0ShuWQ4iKD4YVC1iOj3uKY1R-2,youtube,2024-03-06 23:58:52+00:00
23,Layla on 'Oli Spruce Ebony Baritone & Tenor,2024-03-07T03:56:39Z,WQv9c-SODW4,https://i.ytimg.com/vi/WQv9c-SODW4/default.jpg,PLEQbDXy0ShuWQ4iKD4YVC1iOj3uKY1R-2,youtube,2024-03-07 03:56:39+00:00
24,'Oli L2 Spruce Ebony Baritone,2024-03-07T04:09:38Z,R5cMlwokGlg,https://i.ytimg.com/vi/R5cMlwokGlg/default.jpg,PLEQbDXy0ShuWQ4iKD4YVC1iOj3uKY1R-2,youtube,2024-03-07 04:09:38+00:00
25,'Oli L2 Spruce Top Ebony Tenor,2024-03-07T04:21:42Z,VrNGaAiNwE4,https://i.ytimg.com/vi/VrNGaAiNwE4/default.jpg,PLEQbDXy0ShuWQ4iKD4YVC1iOj3uKY1R-2,youtube,2024-03-07 04:21:42+00:00
26,'Oli Spruce Maple Tenor,2024-03-07T18:10:20Z,xEF2M4HKBRc,https://i.ytimg.com/vi/xEF2M4HKBRc/default.jpg,PLEQbDXy0ShuWQ4iKD4YVC1iOj3uKY1R-2,youtube,2024-03-07 18:10:20+00:00
27,'Oli Spruce Quilted Maple Sunburst Tenor,2024-03-07T18:11:00Z,ygsknEQj5NI,https://i.ytimg.com/vi/ygsknEQj5NI/default.jpg,PLEQbDXy0ShuWQ4iKD4YVC1iOj3uKY1R-2,youtube,2024-03-07 18:11:00+00:00
28,'Oli L1 Concert Mango,2024-03-08T19:43:59Z,SITcQvzucKo,https://i.ytimg.com/vi/SITcQvzucKo/default.jpg,PLEQbDXy0ShuWQ4iKD4YVC1iOj3uKY1R-2,youtube,2024-03-08 19:43:59+00:00
29,'Oli L1 Acacia Concert,2024-03-08T19:44:24Z,ZrJQeXvp4HE,https://i.ytimg.com/vi/ZrJQeXvp4HE/default.jpg,PLEQbDXy0ShuWQ4iKD4YVC1iOj3uKY1R-2,youtube,2024-03-08 19:44:24+00:00
30,'Oli Quilted Maple Sunburst Tenor,2024-03-08T20:24:49Z,HNenXmQh9Wg,https://i.ytimg.com/vi/HNenXmQh9Wg/default.jpg,PLEQbDXy0ShuWQ4iKD4YVC1iOj3uKY1R-2,youtube,2024-03-08 20:24:49+00:00
31,'Oli L2 Cedar Ebony Tenor,2024-03-09T23:54:05Z,ht5mFeLnanM,https://i.ytimg.com/vi/ht5mFeLnanM/default.jpg,PLEQbDXy0ShuWQ4iKD4YVC1iOj3uKY1R-2,youtube,2024-03-09 23:54:05+00:00
32,'Oli L2 Cedar Rosewood Baritone,2024-03-11T04:30:28Z,qgPeQYPmIdY,https://i.ytimg.com/vi/qgPeQYPmIdY/default.jpg,PLEQbDXy0ShuWQ4iKD4YVC1iOj3uKY1R-2,youtube,2024-03-11 04:30:28+00:00
33,'Oli L2 Cedar Rosewood Tenor,2024-03-11T19:09:02Z,bAUpLxDCNV8,https://i.ytimg.com/vi/bAUpLxDCNV8/default.jpg,PLEQbDXy0ShuWQ4iKD4YVC1iOj3uKY1R-2,youtube,2024-03-11 19:09:02+00:00
34,'Oli L2 Flame Maple Tenor,2024-03-11T19:19:07Z,wdNBvGFFY9w,https://i.ytimg.com/vi/wdNBvGFFY9w/default.jpg,PLEQbDXy0ShuWQ4iKD4YVC1iOj3uKY1R-2,youtube,2024-03-11 19:19:07+00:00
35,'Oli Spruce Rosewood Tenor,2024-03-12T02:31:09Z,F0hxa4dcVm4,https://i.ytimg.com/vi/F0hxa4dcVm4/default.jpg,PLEQbDXy0ShuWQ4iKD4YVC1iOj3uKY1R-2,youtube,2024-03-12 02:31:09+00:00
36,"'Oli Koa Baritone ""Uhi""",2024-03-14T03:29:38Z,hX22sy42QD8,https://i.ytimg.com/vi/hX22sy42QD8/default.jpg,PLEQbDXy0ShuWQ4iKD4YVC1iOj3uKY1R-2,youtube,2024-03-14 03:29:38+00:00
37,'Oli L2 TSE Spruce Ebony Tenor,2024-03-25T02:57:56Z,4kGV1Ba9NGc,https://i.ytimg.com/vi/4kGV1Ba9NGc/default.jpg,PLEQbDXy0ShuWQ4iKD4YVC1iOj3uKY1R-2,youtube,2024-03-25 02:57:56+00:00
38,'Oli Cedar Rosewood Tenor L2 TCR,2024-03-25T03:01:26Z,A6ZZwmIQRTw,https://i.ytimg.com/vi/A6ZZwmIQRTw/default.jpg,PLEQbDXy0ShuWQ4iKD4YVC1iOj3uKY1R-2,youtube,2024-03-25 03:01:26+00:00
39,'Oli L2 BCE Cedar Ebony Baritone,2024-03-25T03:05:10Z,K30riOSznUE,https://i.ytimg.com/vi/K30riOSznUE/default.jpg,PLEQbDXy0ShuWQ4iKD4YVC1iOj3uKY1R-2,youtube,2024-03-25 03:05:10+00:00
40,"'Oli Acacia Satin tenor & concert ""Moloka'i Sweet Home""",2024-03-31T19:56:30Z,2ZfBl7Z5_HY,https://i.ytimg.com/vi/2ZfBl7Z5_HY/default.jpg,PLEQbDXy0ShuWQ4iKD4YVC1iOj3uKY1R-2,youtube,2024-03-31 19:56:30+00:00
41,'Oli L1 CAS Satin Acacia Tenor,2024-03-31T19:57:26Z,PCZN5j1CQoM,https://i.ytimg.com/vi/PCZN5j1CQoM/default.jpg,PLEQbDXy0ShuWQ4iKD4YVC1iOj3uKY1R-2,youtube,2024-03-31 19:57:26+00:00
42,'Oli L1 TAS  Satin Acacia Tenor,2024-03-31T20:13:38Z,508tEJP_J0w,https://i.ytimg.com/vi/508tEJP_J0w/default.jpg,PLEQbDXy0ShuWQ4iKD4YVC1iOj3uKY1R-2,youtube,2024-03-31 20:13:38+00:00
43,'Oli L1 CMGS Satin Mango Concert,2024-03-31T20:27:20Z,GFjqsXCJmkE,https://i.ytimg.com/vi/GFjqsXCJmkE/default.jpg,PLEQbDXy0ShuWQ4iKD4YVC1iOj3uKY1R-2,youtube,2024-03-31 20:27:20+00:00
44,'Oli Mastergrade Koa Tenor 157,2024-04-04T20:51:48Z,AMrBm7gwL9A,https://i.ytimg.com/vi/AMrBm7gwL9A/default.jpg,PLEQbDXy0ShuWQ4iKD4YVC1iOj3uKY1R-2,youtube,2024-04-04 20:51:48+00:00
45,'Oli Mastergrade Koa Tenor 115,2024-04-04T20:52:27Z,oBssHayGSkY,https://i.ytimg.com/vi/oBssHayGSkY/default.jpg,PLEQbDXy0ShuWQ4iKD4YVC1iOj3uKY1R-2,youtube,2024-04-04 20:52:27+00:00
46,Bossa Europa on 'Oli Spruce Rosewood Low G Tenor & Cedar Rosewood High G Tenor,2024-04-08T09:33:55Z,9EBFozk01Vc,https://i.ytimg.com/vi/9EBFozk01Vc/default.jpg,PLEQbDXy0ShuWQ4iKD4YVC1iOj3uKY1R-2,youtube,2024-04-08 09:33:55+00:00
47,'Oli Spruce Rosewood Tenor L2-TSR,2024-04-08T17:59:02Z,B4LUZiLLEfc,https://i.ytimg.com/vi/B4LUZiLLEfc/default.jpg,PLEQbDXy0ShuWQ4iKD4YVC1iOj3uKY1R-2,youtube,2024-04-08 17:59:02+00:00
48,'Oli Cedar Rosewood Tenor w High G,2024-04-10T23:25:06Z,kIgjZQwzU_Q,https://i.ytimg.com/vi/kIgjZQwzU_Q/default.jpg,PLEQbDXy0ShuWQ4iKD4YVC1iOj3uKY1R-2,youtube,2024-04-10 23:25:06+00:00
49,'Oli Cedar Rosewood Concert,2024-05-05T09:41:22Z,9ie6JcRcsEM,https://i.ytimg.com/vi/9ie6JcRcsEM/default.jpg,PLEQbDXy0ShuWQ4iKD4YVC1iOj3uKY1R-2,youtube,2024-05-05 09:41:22+00:00
50,"""Don't Know Why"" 'Oli Koa tenor & Cedar Rosewood Concert",2024-05-05T20:39:34Z,_wtkoF2esE0,https://i.ytimg.com/vi/_wtkoF2esE0/default.jpg,PLEQbDXy0ShuWQ4iKD4YVC1iOj3uKY1R-2,youtube,2024-05-05 20:39:34+00:00
51,'Oli Koa Tenor,2024-05-11T23:55:04Z,NSfC9a594qk,https://i.ytimg.com/vi/NSfC9a594qk/default.jpg,PLEQbDXy0ShuWQ4iKD4YVC1iOj3uKY1R-2,youtube,2024-05-11 23:55:04+00:00
52,'Oli L1 TA Acacia Tenor Gloss,2024-05-15T00:27:15Z,JZZWiAJoqtE,https://i.ytimg.com/vi/JZZWiAJoqtE/default.jpg,PLEQbDXy0ShuWQ4iKD4YVC1iOj3uKY1R-2,youtube,2024-05-15 00:27:15+00:00
53,'Oli Mastergrade Koa Tenor L2 TK 155,2024-05-15T00:52:00Z,mLfkAzdJb7Q,https://i.ytimg.com/vi/mLfkAzdJb7Q/default.jpg,PLEQbDXy0ShuWQ4iKD4YVC1iOj3uKY1R-2,youtube,2024-05-15 00:52:00+00:00
54,'Oli L2 TK Mastergrade Koa Tenor 161,2024-05-15T00:55:31Z,NIpeJ9yIEpY,https://i.ytimg.com/vi/NIpeJ9yIEpY/default.jpg,PLEQbDXy0ShuWQ4iKD4YVC1iOj3uKY1R-2,youtube,2024-05-15 00:55:31+00:00
55,'Oli L2 Mango Concert,2024-05-23T23:01:53Z,hRSEitMRsrY,https://i.ytimg.com/vi/hRSEitMRsrY/default.jpg,PLEQbDXy0ShuWQ4iKD4YVC1iOj3uKY1R-2,youtube,2024-05-23 23:01:53+00:00
56,'Oli L2 Concert Spruce Ebony w High & Low G,2024-05-24T05:29:07Z,zD-pCq2fMLM,https://i.ytimg.com/vi/zD-pCq2fMLM/default.jpg,PLEQbDXy0ShuWQ4iKD4YVC1iOj3uKY1R-2,youtube,2024-05-24 05:29:07+00:00
57,"'Oli L2 Koa Baritone ""Uhi"" 261",2024-05-24T21:49:44Z,_vCUfMGJEA4,https://i.ytimg.com/vi/_vCUfMGJEA4/default.jpg,PLEQbDXy0ShuWQ4iKD4YVC1iOj3uKY1R-2,youtube,2024-05-24 21:49:44+00:00
58,'Oli Baritone Cedar Acacia L2 BCA,2024-05-26T21:31:45Z,0dzwp9R6F3k,https://i.ytimg.com/vi/0dzwp9R6F3k/default.jpg,PLEQbDXy0ShuWQ4iKD4YVC1iOj3uKY1R-2,youtube,2024-05-26 21:31:45+00:00
59,Jam on 'Oli Cedar Acacia Baritone & Spruce Ebony Concert,2024-05-26T21:34:33Z,ltP3xKQFlpU,https://i.ytimg.com/vi/ltP3xKQFlpU/default.jpg,PLEQbDXy0ShuWQ4iKD4YVC1iOj3uKY1R-2,youtube,2024-05-26 21:34:33+00:00
60,Yuki Nohana on 'Oli Cedar Acacia Baritone & Cedar Rosewood Tenor,2024-05-26T21:52:06Z,9AFZfZnV-do,https://i.ytimg.com/vi/9AFZfZnV-do/default.jpg,PLEQbDXy0ShuWQ4iKD4YVC1iOj3uKY1R-2,youtube,2024-05-26 21:52:06+00:00
61,"'Oli L2 Koa Baritone ""Loulu"" 335",2024-05-27T05:33:18Z,pxZ1atAoOFA,https://i.ytimg.com/vi/pxZ1atAoOFA/default.jpg,PLEQbDXy0ShuWQ4iKD4YVC1iOj3uKY1R-2,youtube,2024-05-27 05:33:18+00:00
62,'Oli L2 Spruce Rosewood Baritone,2024-05-27T06:03:26Z,eCu7Rgt7iWg,https://i.ytimg.com/vi/eCu7Rgt7iWg/default.jpg,PLEQbDXy0ShuWQ4iKD4YVC1iOj3uKY1R-2,youtube,2024-05-27 06:03:26+00:00
63,'Oli Spruce Ebony Concert L2-CSE,2024-06-04T20:11:21Z,-RtOCwJexIU,https://i.ytimg.com/vi/-RtOCwJexIU/default.jpg,PLEQbDXy0ShuWQ4iKD4YVC1iOj3uKY1R-2,youtube,2024-06-04 20:11:21+00:00
64,'Oli L2 CK Concert Koa,2024-05-28T19:46:49Z,3KpJB2KERv0,https://i.ytimg.com/vi/3KpJB2KERv0/default.jpg,PLEQbDXy0ShuWQ4iKD4YVC1iOj3uKY1R-2,youtube,2024-05-28 19:46:49+00:00
65,'Oli Koa Baritone & Concert,2024-05-28T19:48:56Z,itsh2iYyiDc,https://i.ytimg.com/vi/itsh2iYyiDc/default.jpg,PLEQbDXy0ShuWQ4iKD4YVC1iOj3uKY1R-2,youtube,2024-05-28 19:48:56+00:00
66,'Oli L2 CSR Concert Spruce Rosewood,2024-05-28T20:05:25Z,Uwr5wQ-eM1M,https://i.ytimg.com/vi/Uwr5wQ-eM1M/default.jpg,PLEQbDXy0ShuWQ4iKD4YVC1iOj3uKY1R-2,youtube,2024-05-28 20:05:25+00:00
67,'Oli L2 BK Baritone Koa,2024-05-28T20:14:21Z,QSUmb8FhdPs,https://i.ytimg.com/vi/QSUmb8FhdPs/default.jpg,PLEQbDXy0ShuWQ4iKD4YVC1iOj3uKY1R-2,youtube,2024-05-28 20:14:21+00:00
68,'Oli Koa Baritone L2 BK Laolu,2024-06-08T05:57:03Z,xpv9ZTFoo_M,https://i.ytimg.com/vi/xpv9ZTFoo_M/default.jpg,PLEQbDXy0ShuWQ4iKD4YVC1iOj3uKY1R-2,youtube,2024-06-08 05:57:03+00:00
69,"'Oli L2 TK Koa tenor ""Laolu"" 159 w Mika",2024-06-08T06:02:02Z,cvHYTJAjhP4,https://i.ytimg.com/vi/cvHYTJAjhP4/default.jpg,PLEQbDXy0ShuWQ4iKD4YVC1iOj3uKY1R-2,youtube,2024-06-08 06:02:02+00:00
70,'Oli L2 TK Uhi 157 High G w Mika,2024-06-08T06:10:43Z,487oFyXPKzc,https://i.ytimg.com/vi/487oFyXPKzc/default.jpg,PLEQbDXy0ShuWQ4iKD4YVC1iOj3uKY1R-2,youtube,2024-06-08 06:10:43+00:00
71,'Oli L2 CK Luolu 374,2024-06-08T07:56:24Z,Szh9zXfRWYY,https://i.ytimg.com/vi/Szh9zXfRWYY/default.jpg,PLEQbDXy0ShuWQ4iKD4YVC1iOj3uKY1R-2,youtube,2024-06-08 07:56:24+00:00
72,'Oli L2 BSE Baritone Spruce Ebony w Mika,2024-06-08T07:57:53Z,lG8kVrAajv0,https://i.ytimg.com/vi/lG8kVrAajv0/default.jpg,PLEQbDXy0ShuWQ4iKD4YVC1iOj3uKY1R-2,youtube,2024-06-08 07:57:53+00:00
73,'Oli L2 CSR Spruce Rosewood Concert w Mika,2024-06-08T07:58:35Z,YVEQGYUnoQc,https://i.ytimg.com/vi/YVEQGYUnoQc/default.jpg,PLEQbDXy0ShuWQ4iKD4YVC1iOj3uKY1R-2,youtube,2024-06-08 07:58:35+00:00
74,'Oli L2 CCA Cedar Acacia Concert w Mika,2024-06-08T07:58:59Z,wl1SpoujiRM,https://i.ytimg.com/vi/wl1SpoujiRM/default.jpg,PLEQbDXy0ShuWQ4iKD4YVC1iOj3uKY1R-2,youtube,2024-06-08 07:58:59+00:00
75,'Oli L2 CCE Cedar Ebony Concert w Mika,2024-06-08T07:59:27Z,6n5BTsW2Nfc,https://i.ytimg.com/vi/6n5BTsW2Nfc/default.jpg,PLEQbDXy0ShuWQ4iKD4YVC1iOj3uKY1R-2,youtube,2024-06-08 07:59:27+00:00
76,Comparing 6 Concert String Sets on 'Oli L2 CMG,2024-07-03T21:29:23Z,oXxuvd2Im1w,https://i.ytimg.com/vi/oXxuvd2Im1w/default.jpg,PLEQbDXy0ShuWQ4iKD4YVC1iOj3uKY1R-2,youtube,2024-07-03 21:29:23+00:00
77,'Oli L2 TSCA Slimline Tenor,2024-07-19T00:06:13Z,AoJaXCLwkMY,https://i.ytimg.com/vi/AoJaXCLwkMY/default.jpg,PLEQbDXy0ShuWQ4iKD4YVC1iOj3uKY1R-2,youtube,2024-07-19 00:06:13+00:00
78,'Oli L2 BK Uhi 324,2024-07-26T09:13:18Z,eyggDk_gSo4,https://i.ytimg.com/vi/eyggDk_gSo4/default.jpg,PLEQbDXy0ShuWQ4iKD4YVC1iOj3uKY1R-2,youtube,2024-07-26 09:13:18+00:00
79,'Oli L2 BK Laolu 328,2024-07-26T10:26:02Z,z-F01J4eDuQ,https://i.ytimg.com/vi/z-F01J4eDuQ/default.jpg,PLEQbDXy0ShuWQ4iKD4YVC1iOj3uKY1R-2,youtube,2024-07-26 10:26:02+00:00
80,'Oli Concert Spruce Ebony L2 CSE sample w Low G,2024-07-27T07:32:41Z,w6HI3kLzZVI,https://i.ytimg.com/vi/w6HI3kLzZVI/default.jpg,PLEQbDXy0ShuWQ4iKD4YVC1iOj3uKY1R-2,youtube,2024-07-27 07:32:41+00:00
81,'Oli Concert Koa L2 CK 370,2024-07-27T08:36:46Z,Glz0DSQiTQw,https://i.ytimg.com/vi/Glz0DSQiTQw/default.jpg,PLEQbDXy0ShuWQ4iKD4YVC1iOj3uKY1R-2,youtube,2024-07-27 08:36:46+00:00
82,'Oli L2-BCE Baritone Cedar Ebony V2,2024-08-05T04:48:24Z,wH6khWtmCq8,https://i.ytimg.com/vi/wH6khWtmCq8/default.jpg,PLEQbDXy0ShuWQ4iKD4YVC1iOj3uKY1R-2,youtube,2024-08-05 04:48:24+00:00
83,'Oli L2 TSCR Slim Tenor Cedar Rosewood,2024-08-05T04:59:30Z,wg8sKv3ZbOg,https://i.ytimg.com/vi/wg8sKv3ZbOg/default.jpg,PLEQbDXy0ShuWQ4iKD4YVC1iOj3uKY1R-2,youtube,2024-08-05 04:59:30+00:00
84,'Oli L2-BCA Cedar Acacia Baritone V2,2024-08-05T05:08:09Z,CFPprogW2-M,https://i.ytimg.com/vi/CFPprogW2-M/default.jpg,PLEQbDXy0ShuWQ4iKD4YVC1iOj3uKY1R-2,youtube,2024-08-05 05:08:09+00:00
85,'Oli L1SP TA Spruce Top Acacia Tenor,2024-08-05T21:44:32Z,b6DkAEx4_Qk,https://i.ytimg.com/vi/b6DkAEx4_Qk/default.jpg,PLEQbDXy0ShuWQ4iKD4YVC1iOj3uKY1R-2,youtube,2024-08-05 21:44:32+00:00
86,'Oli L1SP BA Spruce top Acacia Baritone,2024-08-05T21:47:29Z,-mvYNLFPa0w,https://i.ytimg.com/vi/-mvYNLFPa0w/default.jpg,PLEQbDXy0ShuWQ4iKD4YVC1iOj3uKY1R-2,youtube,2024-08-05 21:47:29+00:00
87,'Oli L2 TCA Monstera Tenor Cedar Top Acacia,2024-08-05T22:41:48Z,rLgcHFQnzVY,https://i.ytimg.com/vi/rLgcHFQnzVY/default.jpg,PLEQbDXy0ShuWQ4iKD4YVC1iOj3uKY1R-2,youtube,2024-08-05 22:41:48+00:00
88,'Oli L2 TCR V2 Cedar Rosewood Tenor,2024-08-06T22:39:44Z,4sOurwVPwX4,https://i.ytimg.com/vi/4sOurwVPwX4/default.jpg,PLEQbDXy0ShuWQ4iKD4YVC1iOj3uKY1R-2,youtube,2024-08-06 22:39:44+00:00
89,'Oli Mastegrade Koa Baritone L2-BK 255,2024-08-07T23:24:23Z,ox0FrtcInNU,https://i.ytimg.com/vi/ox0FrtcInNU/default.jpg,PLEQbDXy0ShuWQ4iKD4YVC1iOj3uKY1R-2,youtube,2024-08-07 23:24:23+00:00
90,'Oli L2 CK 373,2024-08-07T23:32:36Z,26MtDz5l63s,https://i.ytimg.com/vi/26MtDz5l63s/default.jpg,PLEQbDXy0ShuWQ4iKD4YVC1iOj3uKY1R-2,youtube,2024-08-07 23:32:36+00:00
91,'Oli L2 BSE V2 Spruce Macassar Ebony Baritone,2024-08-09T11:23:43Z,bp-rjwVo5nY,https://i.ytimg.com/vi/bp-rjwVo5nY/default.jpg,PLEQbDXy0ShuWQ4iKD4YVC1iOj3uKY1R-2,youtube,2024-08-09 11:23:43+00:00
92,'Oli L2 TPCA Tenor Pineapple Cedar Acacia Prototype,2024-08-09T11:52:17Z,zxx7lMkftKM,https://i.ytimg.com/vi/zxx7lMkftKM/default.jpg,PLEQbDXy0ShuWQ4iKD4YVC1iOj3uKY1R-2,youtube,2024-08-09 11:52:17+00:00
93,'Oli L2 BCE V2 Cedar Maccasar Ebony Baritone,2024-08-09T21:57:55Z,TuSjuqhjym0,https://i.ytimg.com/vi/TuSjuqhjym0/default.jpg,PLEQbDXy0ShuWQ4iKD4YVC1iOj3uKY1R-2,youtube,2024-08-09 21:57:55+00:00
94,'Oli L2 BSR V2 Spruce Rosewood Baritone,2024-08-09T21:58:21Z,pBMLOLj9UiE,https://i.ytimg.com/vi/pBMLOLj9UiE/default.jpg,PLEQbDXy0ShuWQ4iKD4YVC1iOj3uKY1R-2,youtube,2024-08-09 21:58:21+00:00
95,'Oli L2 BMG Mango Baritone w 3 Different String Configurations,2024-08-09T21:58:42Z,fn2Q-Y8OI5o,https://i.ytimg.com/vi/fn2Q-Y8OI5o/default.jpg,PLEQbDXy0ShuWQ4iKD4YVC1iOj3uKY1R-2,youtube,2024-08-09 21:58:42+00:00
96,'Oli L2 TSCR Cedar Rosewood Slimline Tenor w Uke Logic Low G Set,2024-08-09T21:59:04Z,_r1pER-Z2RU,https://i.ytimg.com/vi/_r1pER-Z2RU/default.jpg,PLEQbDXy0ShuWQ4iKD4YVC1iOj3uKY1R-2,youtube,2024-08-09 21:59:04+00:00
97,'Oli L2 TSE Tenor Spruce Macassar Ebony w Uke Logic HT Low G Set,2024-08-09T21:59:27Z,t3ykbRXzvwU,https://i.ytimg.com/vi/t3ykbRXzvwU/default.jpg,PLEQbDXy0ShuWQ4iKD4YVC1iOj3uKY1R-2,youtube,2024-08-09 21:59:27+00:00
98,'Oli L2 TCE V2 Tenor Cedar Ebony w Uke Logic Low G Set,2024-08-09T22:00:28Z,cQnLbXT1k9g,https://i.ytimg.com/vi/cQnLbXT1k9g/default.jpg,PLEQbDXy0ShuWQ4iKD4YVC1iOj3uKY1R-2,youtube,2024-08-09 22:00:28+00:00
99,'Oli L1SP TA w Uke Logic HT Low G,2024-08-09T22:00:49Z,bH4FSkCSCf0,https://i.ytimg.com/vi/bH4FSkCSCf0/default.jpg,PLEQbDXy0ShuWQ4iKD4YVC1iOj3uKY1R-2,youtube,2024-08-09 22:00:49+00:00
100,'Oli L2 TCAS Cedar Acacia Monstera Tenor Satin Finish,2024-08-09T22:01:14Z,15YnTFJL82M,https://i.ytimg.com/vi/15YnTFJL82M/default.jpg,PLEQbDXy0ShuWQ4iKD4YVC1iOj3uKY1R-2,youtube,2024-08-09 22:01:14+00:00
101,'Oli L2 TMG V2 Mango Tenor,2024-08-12T02:52:44Z,Vh1WK7Lh6Do,https://i.ytimg.com/vi/Vh1WK7Lh6Do/default.jpg,PLEQbDXy0ShuWQ4iKD4YVC1iOj3uKY1R-2,youtube,2024-08-12 02:52:44+00:00
102,'Oli L2 BCAS Baritone Cedar Acacia Satin,2024-08-12T06:54:38Z,gydjD5VKZGU,https://i.ytimg.com/vi/gydjD5VKZGU/default.jpg,PLEQbDXy0ShuWQ4iKD4YVC1iOj3uKY1R-2,youtube,2024-08-12 06:54:38+00:00
103,'Oli L2 CCAS Concert Cedar Acacia Satin,2024-08-12T07:25:13Z,vfIHtDjlbT8,https://i.ytimg.com/vi/vfIHtDjlbT8/default.jpg,PLEQbDXy0ShuWQ4iKD4YVC1iOj3uKY1R-2,youtube,2024-08-12 07:25:13+00:00
104,'Oli L2 TSR v2 Spruce Rosewood Tenor,2024-08-17T05:25:17Z,ARPyhkifASw,https://i.ytimg.com/vi/ARPyhkifASw/default.jpg,PLEQbDXy0ShuWQ4iKD4YVC1iOj3uKY1R-2,youtube,2024-08-17 05:25:17+00:00
105,'Oli L2 BRR 642 Redwood Rosewood,2024-08-24T21:30:41Z,Md7Cl_Tb4P4,https://i.ytimg.com/vi/Md7Cl_Tb4P4/default.jpg,PLEQbDXy0ShuWQ4iKD4YVC1iOj3uKY1R-2,youtube,2024-08-24 21:30:41+00:00
107,'Oli L2 TRR 594,2024-08-24T22:24:47Z,I6HCC64-5Cg,https://i.ytimg.com/vi/I6HCC64-5Cg/default.jpg,PLEQbDXy0ShuWQ4iKD4YVC1iOj3uKY1R-2,youtube,2024-08-24 22:24:47+00:00
108,'Oli L2 TRR 592,2024-08-24T22:27:47Z,DLnxyFUJuNU,https://i.ytimg.com/vi/DLnxyFUJuNU/default.jpg,PLEQbDXy0ShuWQ4iKD4YVC1iOj3uKY1R-2,youtube,2024-08-24 22:27:47+00:00
109,'Oli L2 TRR 582,2024-08-24T22:39:03Z,kDCSRi57Kkc,https://i.ytimg.com/vi/kDCSRi57Kkc/default.jpg,PLEQbDXy0ShuWQ4iKD4YVC1iOj3uKY1R-2,youtube,2024-08-24 22:39:03+00:00
110,'Oli L2 TRR 595,2024-08-24T22:53:03Z,f0657LmlSf0,https://i.ytimg.com/vi/f0657LmlSf0/default.jpg,PLEQbDXy0ShuWQ4iKD4YVC1iOj3uKY1R-2,youtube,2024-08-24 22:53:03+00:00
111,'Oli l2 TRR 588,2024-08-24T22:58:34Z,ZCm3gfyWhZw,https://i.ytimg.com/vi/ZCm3gfyWhZw/default.jpg,PLEQbDXy0ShuWQ4iKD4YVC1iOj3uKY1R-2,youtube,2024-08-24 22:58:34+00:00
112,'Oli L2 TRR 587,2024-08-24T23:31:11Z,vfFOc-Z_Rhg,https://i.ytimg.com/vi/vfFOc-Z_Rhg/default.jpg,PLEQbDXy0ShuWQ4iKD4YVC1iOj3uKY1R-2,youtube,2024-08-24 23:31:11+00:00
113,Spain on 'Oli Redwood Rosewood Tenor & Baritone,2024-08-24T23:31:44Z,JLlO5ECoxzc,https://i.ytimg.com/vi/JLlO5ECoxzc/default.jpg,PLEQbDXy0ShuWQ4iKD4YVC1iOj3uKY1R-2,youtube,2024-08-24 23:31:44+00:00
114,Pono UL-AO Acacia Baritone,2024-08-24T23:32:11Z,6_Bn3GZ0Eck,https://i.ytimg.com/vi/6_Bn3GZ0Eck/default.jpg,PLEQbDXy0ShuWQ4iKD4YVC1iOj3uKY1R-2,youtube,2024-08-24 23:32:11+00:00
115,'Oli L2 BK 271 Koa Baritone,2024-08-25T03:36:19Z,di9KR6mFCNU,https://i.ytimg.com/vi/di9KR6mFCNU/default.jpg,PLEQbDXy0ShuWQ4iKD4YVC1iOj3uKY1R-2,youtube,2024-08-25 03:36:19+00:00
116,'Oli L2 TK 673 Koa Tenor,2024-08-25T03:36:50Z,zGX37Krcjvc,https://i.ytimg.com/vi/zGX37Krcjvc/default.jpg,PLEQbDXy0ShuWQ4iKD4YVC1iOj3uKY1R-2,youtube,2024-08-25 03:36:50+00:00
117,'Oli Mango Pineapple Tenor Prototype,2024-08-25T03:37:12Z,y2IO3mtZDHs,https://i.ytimg.com/vi/y2IO3mtZDHs/default.jpg,PLEQbDXy0ShuWQ4iKD4YVC1iOj3uKY1R-2,youtube,2024-08-25 03:37:12+00:00
118,'Oli Redwood Rosewood Baritone L2 BRR 606,2024-08-25T07:49:16Z,bVADBnIbcrc,https://i.ytimg.com/vi/bVADBnIbcrc/default.jpg,PLEQbDXy0ShuWQ4iKD4YVC1iOj3uKY1R-2,youtube,2024-08-25 07:49:16+00:00
119,'Oli L2 TRR 591,2024-08-29T09:20:24Z,XAjagra4JBM,https://i.ytimg.com/vi/XAjagra4JBM/default.jpg,PLEQbDXy0ShuWQ4iKD4YVC1iOj3uKY1R-2,youtube,2024-08-29 09:20:24+00:00
120,'Oli L1-TMG v2 Mango Tenor,2024-08-31T03:52:44Z,W-WZyw89dOg,https://i.ytimg.com/vi/W-WZyw89dOg/default.jpg,PLEQbDXy0ShuWQ4iKD4YVC1iOj3uKY1R-2,youtube,2024-08-31 03:52:44+00:00
121,'Oli L1-TA v2 Acacia Tenor,2024-08-31T05:09:42Z,2HuYmkfbmxo,https://i.ytimg.com/vi/2HuYmkfbmxo/default.jpg,PLEQbDXy0ShuWQ4iKD4YVC1iOj3uKY1R-2,youtube,2024-08-31 05:09:42+00:00
122,'Oli L1 TMGS v2 Mango Tenor Satin,2024-08-31T06:53:56Z,mSzbaVdqEUg,https://i.ytimg.com/vi/mSzbaVdqEUg/default.jpg,PLEQbDXy0ShuWQ4iKD4YVC1iOj3uKY1R-2,youtube,2024-08-31 06:53:56+00:00
123,Oli L1 TAS v2 Acacia Tenor Satin,2024-08-31T06:54:49Z,hTiMM-sD5U0,https://i.ytimg.com/vi/hTiMM-sD5U0/default.jpg,PLEQbDXy0ShuWQ4iKD4YVC1iOj3uKY1R-2,youtube,2024-08-31 06:54:49+00:00
124,'Oli Cedar Ebony Baritone 4 Strings Auction,2024-09-14T18:34:36Z,QvYr9FaFIn8,https://i.ytimg.com/vi/QvYr9FaFIn8/default.jpg,PLEQbDXy0ShuWQ4iKD4YVC1iOj3uKY1R-2,youtube,2024-09-14 18:34:36+00:00
125,"""All of Me"" 'Oli Cedar Ebony Baritone & Singer Mahogany Concert 4 Strings Auction",2024-09-14T18:35:34Z,6Ao64QPpWEs,https://i.ytimg.com/vi/6Ao64QPpWEs/default.jpg,PLEQbDXy0ShuWQ4iKD4YVC1iOj3uKY1R-2,youtube,2024-09-14 18:35:34+00:00
126,'Oli L2 TTSMR Torrefied Spruce Myrtle Tenor,2024-10-03T19:21:41Z,gATbdN6qPuo,https://i.ytimg.com/vi/gATbdN6qPuo/default.jpg,PLEQbDXy0ShuWQ4iKD4YVC1iOj3uKY1R-2,youtube,2024-10-03 19:21:41+00:00
127,'Oli Torrefied Spruce Myrtle Baritone & Tenor Jam,2024-10-03T19:37:25Z,p4a72PSwMZo,https://i.ytimg.com/vi/p4a72PSwMZo/default.jpg,PLEQbDXy0ShuWQ4iKD4YVC1iOj3uKY1R-2,youtube,2024-10-03 19:37:25+00:00
128,'Oli L2 BTSMR Torrefied Spruce Myrtle Baritone,2024-10-03T19:41:11Z,6OASXiX870I,https://i.ytimg.com/vi/6OASXiX870I/default.jpg,PLEQbDXy0ShuWQ4iKD4YVC1iOj3uKY1R-2,youtube,2024-10-03 19:41:11+00:00
129,'Oli L2-BMR Myrtle Baritone,2024-10-04T07:20:56Z,Mebs3MDnzOY,https://i.ytimg.com/vi/Mebs3MDnzOY/default.jpg,PLEQbDXy0ShuWQ4iKD4YVC1iOj3uKY1R-2,youtube,2024-10-04 07:20:56+00:00
130,'Oli L2-BSFM Spruce Top Flame Maple Baritone,2024-10-04T08:39:49Z,xKluQpe_nFk,https://i.ytimg.com/vi/xKluQpe_nFk/default.jpg,PLEQbDXy0ShuWQ4iKD4YVC1iOj3uKY1R-2,youtube,2024-10-04 08:39:49+00:00
131,'Oli L2-BRR Redwood Rosewood Baritone,2024-10-04T21:19:13Z,f67SM7I5oYg,https://i.ytimg.com/vi/f67SM7I5oYg/default.jpg,PLEQbDXy0ShuWQ4iKD4YVC1iOj3uKY1R-2,youtube,2024-10-04 21:19:13+00:00
132,'Oli L2-TSFM V3 Spruce Flame Maple Mandala Tenor,2024-10-04T23:44:04Z,ad_roeny5h8,https://i.ytimg.com/vi/ad_roeny5h8/default.jpg,PLEQbDXy0ShuWQ4iKD4YVC1iOj3uKY1R-2,youtube,2024-10-04 23:44:04+00:00
133,'Oli L1 TSMU Spruce top Merbau Tenor,2024-10-05T03:25:01Z,3Og2_nBuHUs,https://i.ytimg.com/vi/3Og2_nBuHUs/default.jpg,PLEQbDXy0ShuWQ4iKD4YVC1iOj3uKY1R-2,youtube,2024-10-05 03:25:01+00:00
134,'Oli L2 CTSR Torrefied Spruce Rosewood Concert,2024-10-05T20:03:43Z,Ar6JmJ9HBP8,https://i.ytimg.com/vi/Ar6JmJ9HBP8/default.jpg,PLEQbDXy0ShuWQ4iKD4YVC1iOj3uKY1R-2,youtube,2024-10-05 20:03:43+00:00
135,'Oli L2 BTSR Torrefied Spruce Rosewood Baritone,2024-10-05T20:39:31Z,x9ZNIy75QqI,https://i.ytimg.com/vi/x9ZNIy75QqI/default.jpg,PLEQbDXy0ShuWQ4iKD4YVC1iOj3uKY1R-2,youtube,2024-10-05 20:39:31+00:00
136,'Oli Torrefied Spruce Rosewood Baritone & Concert,2024-10-05T20:48:42Z,AV173puTDr4,https://i.ytimg.com/vi/AV173puTDr4/default.jpg,PLEQbDXy0ShuWQ4iKD4YVC1iOj3uKY1R-2,youtube,2024-10-05 20:48:42+00:00
137,'Oli L1-BA Acacia Baritone,2024-10-11T21:02:58Z,alB_BPTYCeI,https://i.ytimg.com/vi/alB_BPTYCeI/default.jpg,PLEQbDXy0ShuWQ4iKD4YVC1iOj3uKY1R-2,youtube,2024-10-11 21:02:58+00:00
138,'Oli L1-BMGS Baritone Mango Satin,2024-10-11T22:51:32Z,qtIlSqUWQmM,https://i.ytimg.com/vi/qtIlSqUWQmM/default.jpg,PLEQbDXy0ShuWQ4iKD4YVC1iOj3uKY1R-2,youtube,2024-10-11 22:51:32+00:00
139,'Oli L1-BMG Baritone Mango Gloss,2024-10-11T22:51:56Z,NW4n7Afwym0,https://i.ytimg.com/vi/NW4n7Afwym0/default.jpg,PLEQbDXy0ShuWQ4iKD4YVC1iOj3uKY1R-2,youtube,2024-10-11 22:51:56+00:00
140,'Oli  L2-BCW Cedar Walnut Baritone,2024-10-11T23:11:24Z,HXjNOfoqUzE,https://i.ytimg.com/vi/HXjNOfoqUzE/default.jpg,PLEQbDXy0ShuWQ4iKD4YVC1iOj3uKY1R-2,youtube,2024-10-11 23:11:24+00:00
141,'Oli L2-BSR v3 Spruce Rosewood Baritone,2024-10-12T01:22:15Z,Z9w9GMqXe5M,https://i.ytimg.com/vi/Z9w9GMqXe5M/default.jpg,PLEQbDXy0ShuWQ4iKD4YVC1iOj3uKY1R-2,youtube,2024-10-12 01:22:15+00:00
142,'Oli L2-BCM Curly Maple Baritone,2024-10-12T01:23:31Z,UPjhv7yQP2k,https://i.ytimg.com/vi/UPjhv7yQP2k/default.jpg,PLEQbDXy0ShuWQ4iKD4YVC1iOj3uKY1R-2,youtube,2024-10-12 01:23:31+00:00
143,'Oli L2-BSQM-SB Spruce Quilted Maple Sunburst Baritone,2024-10-12T01:24:19Z,-QxAxACwwPI,https://i.ytimg.com/vi/-QxAxACwwPI/default.jpg,PLEQbDXy0ShuWQ4iKD4YVC1iOj3uKY1R-2,youtube,2024-10-12 01:24:19+00:00
144,'Oli L2 BMGS-LE Spalted Mango Baritone,2024-10-12T22:12:11Z,QlInCin8PIg,https://i.ytimg.com/vi/QlInCin8PIg/default.jpg,PLEQbDXy0ShuWQ4iKD4YVC1iOj3uKY1R-2,youtube,2024-10-12 22:12:11+00:00
145,'Oli L2 TMGS Spalted Mango Tenor,2024-10-12T22:12:31Z,Le_QVb82fKw,https://i.ytimg.com/vi/Le_QVb82fKw/default.jpg,PLEQbDXy0ShuWQ4iKD4YVC1iOj3uKY1R-2,youtube,2024-10-12 22:12:31+00:00
146,'Oli L2-CMG-SP Spalted Mango Concert,2024-10-12T22:13:02Z,74M5f2W8iBo,https://i.ytimg.com/vi/74M5f2W8iBo/default.jpg,PLEQbDXy0ShuWQ4iKD4YVC1iOj3uKY1R-2,youtube,2024-10-12 22:13:02+00:00
147,'Oli L2 TCE V3 Cedar Top Macassar Ebony Tenor,2024-10-12T22:14:58Z,EkK-cy3vWPg,https://i.ytimg.com/vi/EkK-cy3vWPg/default.jpg,PLEQbDXy0ShuWQ4iKD4YVC1iOj3uKY1R-2,youtube,2024-10-12 22:14:58+00:00
148,'Oli L2-TCW Cedar Walnut Tenor,2024-10-12T22:15:22Z,EBTd6lsuR0A,https://i.ytimg.com/vi/EBTd6lsuR0A/default.jpg,PLEQbDXy0ShuWQ4iKD4YVC1iOj3uKY1R-2,youtube,2024-10-12 22:15:22+00:00
149,'Oli L1 CCWU-S Cedar Weru Concert,2024-10-12T22:29:15Z,zMuo6U9QGJQ,https://i.ytimg.com/vi/zMuo6U9QGJQ/default.jpg,PLEQbDXy0ShuWQ4iKD4YVC1iOj3uKY1R-2,youtube,2024-10-12 22:29:15+00:00
150,'Oli L2 CCR Curly Redwood & Figured Rosewood Concert,2024-10-12T23:30:38Z,-A5Yw9nPdr0,https://i.ytimg.com/vi/-A5Yw9nPdr0/default.jpg,PLEQbDXy0ShuWQ4iKD4YVC1iOj3uKY1R-2,youtube,2024-10-12 23:30:38+00:00
151,'Oli L2 CTSMR Torrefied Spruce Myrtle Concert,2024-10-12T23:31:07Z,uhl_xaJSziY,https://i.ytimg.com/vi/uhl_xaJSziY/default.jpg,PLEQbDXy0ShuWQ4iKD4YVC1iOj3uKY1R-2,youtube,2024-10-12 23:31:07+00:00
152,'Oli L2-CSFM Spruce Maple Concert,2024-10-12T23:31:33Z,LTzd_qjCqIY,https://i.ytimg.com/vi/LTzd_qjCqIY/default.jpg,PLEQbDXy0ShuWQ4iKD4YVC1iOj3uKY1R-2,youtube,2024-10-12 23:31:33+00:00
153,'Oli L1-BSMU Spruce Merbau Baritone,2024-10-13T23:01:58Z,SSdVw7I5FaI,https://i.ytimg.com/vi/SSdVw7I5FaI/default.jpg,PLEQbDXy0ShuWQ4iKD4YVC1iOj3uKY1R-2,youtube,2024-10-13 23:01:58+00:00
154,'Oli L2-BRR Redwood Rosewood Baritone,2024-10-13T23:00:04Z,kw116fM159g,https://i.ytimg.com/vi/kw116fM159g/default.jpg,PLEQbDXy0ShuWQ4iKD4YVC1iOj3uKY1R-2,youtube,2024-10-13 23:00:04+00:00
155,'Oli L2-BK Koa Baritone,2024-10-13T23:00:55Z,r_boSxcGVhs,https://i.ytimg.com/vi/r_boSxcGVhs/default.jpg,PLEQbDXy0ShuWQ4iKD4YVC1iOj3uKY1R-2,youtube,2024-10-13 23:00:55+00:00
156,'Oli L2-BMR Myrtle Baritone,2024-10-13T23:01:20Z,3U8nR7XUqK4,https://i.ytimg.com/vi/3U8nR7XUqK4/default.jpg,PLEQbDXy0ShuWQ4iKD4YVC1iOj3uKY1R-2,youtube,2024-10-13 23:01:20+00:00
157,'Oli L2-BTSMR 690 Torrefied Spruce Myrtle Baritone,2024-10-13T23:01:40Z,JMqVqak69jU,https://i.ytimg.com/vi/JMqVqak69jU/default.jpg,PLEQbDXy0ShuWQ4iKD4YVC1iOj3uKY1R-2,youtube,2024-10-13 23:01:40+00:00
158,'Oli L2-TK Koa Tenor,2024-10-13T23:47:39Z,EbClk1JSk9U,https://i.ytimg.com/vi/EbClk1JSk9U/default.jpg,PLEQbDXy0ShuWQ4iKD4YVC1iOj3uKY1R-2,youtube,2024-10-13 23:47:39+00:00
159,'Oli L2-TMR Myrtle Tenor,2024-10-13T23:48:03Z,tg6itUM1rGo,https://i.ytimg.com/vi/tg6itUM1rGo/default.jpg,PLEQbDXy0ShuWQ4iKD4YVC1iOj3uKY1R-2,youtube,2024-10-13 23:48:03+00:00
160,'Oli L2-TTSMR Torrefied Spruce Myrtle Tenor,2024-10-13T23:48:32Z,xMqPRcZ_3iY,https://i.ytimg.com/vi/xMqPRcZ_3iY/default.jpg,PLEQbDXy0ShuWQ4iKD4YVC1iOj3uKY1R-2,youtube,2024-10-13 23:48:32+00:00
161,'Oli L2-TSFM Spruce Maple Tenor,2024-10-13T23:49:17Z,2cXE8fURmhw,https://i.ytimg.com/vi/2cXE8fURmhw/default.jpg,PLEQbDXy0ShuWQ4iKD4YVC1iOj3uKY1R-2,youtube,2024-10-13 23:49:17+00:00
162,'Oli L2-TRR Redwood Rosewood Tenor,2024-10-13T23:49:47Z,znrZRv_AvsM,https://i.ytimg.com/vi/znrZRv_AvsM/default.jpg,PLEQbDXy0ShuWQ4iKD4YVC1iOj3uKY1R-2,youtube,2024-10-13 23:49:47+00:00
163,'Oli L2 CCW Cedar Walnut Concert,2024-10-13T23:50:07Z,7CBLztOz62E,https://i.ytimg.com/vi/7CBLztOz62E/default.jpg,PLEQbDXy0ShuWQ4iKD4YVC1iOj3uKY1R-2,youtube,2024-10-13 23:50:07+00:00
164,Cornerstone Custom Baritone #104,2024-10-14T02:46:17Z,DZE7maOaBzA,https://i.ytimg.com/vi/DZE7maOaBzA/default.jpg,PLEQbDXy0ShuWQ4iKD4YVC1iOj3uKY1R-2,youtube,2024-10-14 02:46:17+00:00
165,'Oli L1-BSW Baritone Spruce Weru,2024-10-14T03:16:12Z,Jvikcb71dCg,https://i.ytimg.com/vi/Jvikcb71dCg/default.jpg,PLEQbDXy0ShuWQ4iKD4YVC1iOj3uKY1R-2,youtube,2024-10-14 03:16:12+00:00
166,'Oli L1 TSW Spruce Weru Tenor,2024-10-14T03:19:05Z,Op5hUHmjFWM,https://i.ytimg.com/vi/Op5hUHmjFWM/default.jpg,PLEQbDXy0ShuWQ4iKD4YVC1iOj3uKY1R-2,youtube,2024-10-14 03:19:05+00:00
167,'Oli L1 BCAS Cedar Acacia Baritone,2024-10-17T05:44:26Z,0gdItaqeLkk,https://i.ytimg.com/vi/0gdItaqeLkk/default.jpg,PLEQbDXy0ShuWQ4iKD4YVC1iOj3uKY1R-2,youtube,2024-10-17 05:44:26+00:00
168,'Oli L2 TTSMR Torrefied Spruce Myrtle 668,2024-10-28T08:50:57Z,sfRTZjOJt9Q,https://i.ytimg.com/vi/sfRTZjOJt9Q/default.jpg,PLEQbDXy0ShuWQ4iKD4YVC1iOj3uKY1R-2,youtube,2024-10-28 08:50:57+00:00
169,'Oli L2 BTSMR Torrefied Spruce Myrtle Baritone 696,2024-10-28T08:56:40Z,31EdPJtmVPU,https://i.ytimg.com/vi/31EdPJtmVPU/default.jpg,PLEQbDXy0ShuWQ4iKD4YVC1iOj3uKY1R-2,youtube,2024-10-28 08:56:40+00:00
170,'Oli L2 BK 236 Baritone Koa,2024-10-28T08:57:05Z,Chp2cwjW1v0,https://i.ytimg.com/vi/Chp2cwjW1v0/default.jpg,PLEQbDXy0ShuWQ4iKD4YVC1iOj3uKY1R-2,youtube,2024-10-28 08:57:05+00:00
171,'Oli Koa Tenor L2-TK 722,2024-10-28T08:57:28Z,MIcsswpxyHA,https://i.ytimg.com/vi/MIcsswpxyHA/default.jpg,PLEQbDXy0ShuWQ4iKD4YVC1iOj3uKY1R-2,youtube,2024-10-28 08:57:28+00:00
172,'Oli L2 CSR,2024-10-28T08:57:49Z,AQo_zqJEOUQ,https://i.ytimg.com/vi/AQo_zqJEOUQ/default.jpg,PLEQbDXy0ShuWQ4iKD4YVC1iOj3uKY1R-2,youtube,2024-10-28 08:57:49+00:00
173,'Oli Spruce Ebony Tenor L2 TSE,2024-10-28T20:50:49Z,rqkz_lvH1bU,https://i.ytimg.com/vi/rqkz_lvH1bU/default.jpg,PLEQbDXy0ShuWQ4iKD4YVC1iOj3uKY1R-2,youtube,2024-10-28 20:50:49+00:00
174,'Oli L2 TCA Cedar Acacia Tenor w Acacia faceplate,2024-10-30T18:36:03Z,jXyTTBsQWN8,https://i.ytimg.com/vi/jXyTTBsQWN8/default.jpg,PLEQbDXy0ShuWQ4iKD4YVC1iOj3uKY1R-2,youtube,2024-10-30 18:36:03+00:00
175,'Oli L2 BTSMR 691,2024-11-08T21:37:29Z,SnmXw7vWy7I,https://i.ytimg.com/vi/SnmXw7vWy7I/default.jpg,PLEQbDXy0ShuWQ4iKD4YVC1iOj3uKY1R-2,youtube,2024-11-08 21:37:29+00:00
176,'Oli L2-CRR 752 Redwood Rosewood Concert,2024-11-09T20:50:20Z,DLT2brKbUhc,https://i.ytimg.com/vi/DLT2brKbUhc/default.jpg,PLEQbDXy0ShuWQ4iKD4YVC1iOj3uKY1R-2,youtube,2024-11-09 20:50:20+00:00
177,'Oli L2 CTSMR 677 Concert Torrefied Spruce Myrtle,2024-11-09T20:53:21Z,Eo7lLaX_ITM,https://i.ytimg.com/vi/Eo7lLaX_ITM/default.jpg,PLEQbDXy0ShuWQ4iKD4YVC1iOj3uKY1R-2,youtube,2024-11-09 20:53:21+00:00
178,'Oli L2-TFM-BR 766 Spruce Maple Tenor,2024-11-09T21:02:16Z,82C8m9g-bUU,https://i.ytimg.com/vi/82C8m9g-bUU/default.jpg,PLEQbDXy0ShuWQ4iKD4YVC1iOj3uKY1R-2,youtube,2024-11-09 21:02:16+00:00
179,'Oli L1 BAS Acacia Baritone,2024-10-11T21:26:15Z,0w5Fdm27YEk,https://i.ytimg.com/vi/0w5Fdm27YEk/default.jpg,PLEQbDXy0ShuWQ4iKD4YVC1iOj3uKY1R-2,youtube,2024-10-11 21:26:15+00:00
180,'Oli L2-BSFM-BR Spruce Flame Maple Baritone,2024-11-16T20:57:08Z,MaHcDDrlE7I,https://i.ytimg.com/vi/MaHcDDrlE7I/default.jpg,PLEQbDXy0ShuWQ4iKD4YVC1iOj3uKY1R-2,youtube,2024-11-16 20:57:08+00:00
181,'Oli L2-BSE-SB Sunburst Spruce Ebony Baritone,2024-11-16T20:58:11Z,b96nfKXYWdM,https://i.ytimg.com/vi/b96nfKXYWdM/default.jpg,PLEQbDXy0ShuWQ4iKD4YVC1iOj3uKY1R-2,youtube,2024-11-16 20:58:11+00:00
182,'Oli L2-BCR Cedar Rosewood Baritone,2024-11-16T20:58:38Z,N45fxH4AR9E,https://i.ytimg.com/vi/N45fxH4AR9E/default.jpg,PLEQbDXy0ShuWQ4iKD4YVC1iOj3uKY1R-2,youtube,2024-11-16 20:58:38+00:00
183,'Oli L2-BSE Spruce Ebony Baritone,2024-11-16T20:59:18Z,r1zpsaNpI1g,https://i.ytimg.com/vi/r1zpsaNpI1g/default.jpg,PLEQbDXy0ShuWQ4iKD4YVC1iOj3uKY1R-2,youtube,2024-11-16 20:59:18+00:00
184,'Oli L2-BTSR Torrefied Spruce Rosewood Baritone,2024-11-16T20:59:52Z,O3ZyEqrBR1M,https://i.ytimg.com/vi/O3ZyEqrBR1M/default.jpg,PLEQbDXy0ShuWQ4iKD4YVC1iOj3uKY1R-2,youtube,2024-11-16 20:59:52+00:00
185,'Oli L2-CCR Cedar Rosewood Concert,2024-11-17T08:17:58Z,aCvguWK34vw,https://i.ytimg.com/vi/aCvguWK34vw/default.jpg,PLEQbDXy0ShuWQ4iKD4YVC1iOj3uKY1R-2,youtube,2024-11-17 08:17:58+00:00
186,'Oli L2-CSR Spruce Rosewood Concert,2024-11-17T08:18:21Z,BEaIK6AwPz0,https://i.ytimg.com/vi/BEaIK6AwPz0/default.jpg,PLEQbDXy0ShuWQ4iKD4YVC1iOj3uKY1R-2,youtube,2024-11-17 08:18:21+00:00
187,'Oli L1 CSWU Spruce Weru Concert,2024-11-17T08:18:42Z,L0YRkrz3p_Y,https://i.ytimg.com/vi/L0YRkrz3p_Y/default.jpg,PLEQbDXy0ShuWQ4iKD4YVC1iOj3uKY1R-2,youtube,2024-11-17 08:18:42+00:00
188,'Oli L1-CSMU Spruce Top Merbau Concert,2024-11-17T08:58:59Z,OMjMfnA9_VE,https://i.ytimg.com/vi/OMjMfnA9_VE/default.jpg,PLEQbDXy0ShuWQ4iKD4YVC1iOj3uKY1R-2,youtube,2024-11-17 08:58:59+00:00
190,aNueNue UT330 Blue Moonbird Tenor w Kalei,2024-12-29T03:45:35Z,46yFhU2ZDhM,https://i.ytimg.com/vi/46yFhU2ZDhM/default.jpg,PLEQbDXy0ShuWQ4iKD4YVC1iOj3uKY1R-2,youtube,2024-12-29 03:45:35+00:00
191,'Oli L1-TA Acacia Gloss Tenor (2025),2025-01-04T01:41:29Z,JA81lCDvauE,https://i.ytimg.com/vi/JA81lCDvauE/default.jpg,PLEQbDXy0ShuWQ4iKD4YVC1iOj3uKY1R-2,youtube,2025-01-04 01:41:29+00:00
192,'Oli L1 BCA,2025-01-06T05:33:26Z,ESZk4DmWXuc,https://i.ytimg.com/vi/ESZk4DmWXuc/default.jpg,PLEQbDXy0ShuWQ4iKD4YVC1iOj3uKY1R-2,youtube,2025-01-06 05:33:26+00:00
193,'Oli L1 TCA Cedar Acacia Tenor,2025-01-06T05:33:48Z,NYfMb3K0YnI,https://i.ytimg.com/vi/NYfMb3K0YnI/default.jpg,PLEQbDXy0ShuWQ4iKD4YVC1iOj3uKY1R-2,youtube,2025-01-06 05:33:48+00:00
194,"'Oli L1 Cedar Acacia Baritone & Tenor ""Island Style""",2025-01-06T05:34:40Z,7jPMZ3u0l9k,https://i.ytimg.com/vi/7jPMZ3u0l9k/default.jpg,PLEQbDXy0ShuWQ4iKD4YVC1iOj3uKY1R-2,youtube,2025-01-06 05:34:40+00:00
195,'Oli L1 TCA S Cedar Top Acacia Satin Tenor,2025-01-06T05:35:06Z,MNqIXfH0Spg,https://i.ytimg.com/vi/MNqIXfH0Spg/default.jpg,PLEQbDXy0ShuWQ4iKD4YVC1iOj3uKY1R-2,youtube,2025-01-06 05:35:06+00:00
196,'Oli L1-CCAS Cedar Top Acacia Concert,2025-01-06T05:35:31Z,IM1deDZkyTE,https://i.ytimg.com/vi/IM1deDZkyTE/default.jpg,PLEQbDXy0ShuWQ4iKD4YVC1iOj3uKY1R-2,youtube,2025-01-06 05:35:31+00:00
197,'Oli L1 CCA Cedar Top Acacia Concert,2025-01-06T05:36:07Z,JE_UBPRGYMU,https://i.ytimg.com/vi/JE_UBPRGYMU/default.jpg,PLEQbDXy0ShuWQ4iKD4YVC1iOj3uKY1R-2,youtube,2025-01-06 05:36:07+00:00
198,'Oli L1 BCA S Cedar Acacia Baritone Satin,2025-01-06T05:36:24Z,HJETyix5PeY,https://i.ytimg.com/vi/HJETyix5PeY/default.jpg,PLEQbDXy0ShuWQ4iKD4YVC1iOj3uKY1R-2,youtube,2025-01-06 05:36:24+00:00
199,"“Kawaipunahele” on L1 Acacia Satin w Mika, Kalei, & Corey",2025-01-10T00:38:25Z,AOURRt7D08c,https://i.ytimg.com/vi/AOURRt7D08c/default.jpg,PLEQbDXy0ShuWQ4iKD4YVC1iOj3uKY1R-2,youtube,2025-01-10 00:38:25+00:00
200,'Oli L1 CAS Acacia Concert Satin,2025-01-10T00:39:02Z,c31OguvLAAA,https://i.ytimg.com/vi/c31OguvLAAA/default.jpg,PLEQbDXy0ShuWQ4iKD4YVC1iOj3uKY1R-2,youtube,2025-01-10 00:39:02+00:00
201,'Oli L1 CA 2025 Acacia Concert,2025-01-10T01:03:16Z,p0ncTrkOjoM,https://i.ytimg.com/vi/p0ncTrkOjoM/default.jpg,PLEQbDXy0ShuWQ4iKD4YVC1iOj3uKY1R-2,youtube,2025-01-10 01:03:16+00:00
202,"Kiss From a Rose w Kalei, Corey, & Mika on 'Oli L1 Acacia gloss",2025-01-10T01:04:27Z,kNV3DD6lw4Y,https://i.ytimg.com/vi/kNV3DD6lw4Y/default.jpg,PLEQbDXy0ShuWQ4iKD4YVC1iOj3uKY1R-2,youtube,2025-01-10 01:04:27+00:00
203,'Oli L1 TA 2025 Tenor Acacia,2025-01-10T01:36:55Z,OVPwYlJq0Bg,https://i.ytimg.com/vi/OVPwYlJq0Bg/default.jpg,PLEQbDXy0ShuWQ4iKD4YVC1iOj3uKY1R-2,youtube,2025-01-10 01:36:55+00:00
204,'Oli L1-CA Concert Acacia w Kalei,2025-01-10T01:45:24Z,tN1iK9HDIl8,https://i.ytimg.com/vi/tN1iK9HDIl8/default.jpg,PLEQbDXy0ShuWQ4iKD4YVC1iOj3uKY1R-2,youtube,2025-01-10 01:45:24+00:00
205,'Oli L1 TAS Acacia Tenor Satin,2025-01-10T07:52:49Z,aOij70UcpiI,https://i.ytimg.com/vi/aOij70UcpiI/default.jpg,PLEQbDXy0ShuWQ4iKD4YVC1iOj3uKY1R-2,youtube,2025-01-10 07:52:49+00:00
206,'Oli L1 CMG Concert Mango w Matt Dahlberg,2025-01-11T23:12:14Z,AOg1Pn8G7S0,https://i.ytimg.com/vi/AOg1Pn8G7S0/default.jpg,PLEQbDXy0ShuWQ4iKD4YVC1iOj3uKY1R-2,youtube,2025-01-11 23:12:14+00:00
207,'Oli L2 TQM BL w Low G,2025-01-19T21:39:36Z,_Ns3SgfCBTY,https://i.ytimg.com/vi/_Ns3SgfCBTY/default.jpg,PLEQbDXy0ShuWQ4iKD4YVC1iOj3uKY1R-2,youtube,2025-01-19 21:39:36+00:00
208,'Oli L2 TQM BL w High G,2025-01-19T21:40:10Z,eDM1VjTI3VA,https://i.ytimg.com/vi/eDM1VjTI3VA/default.jpg,PLEQbDXy0ShuWQ4iKD4YVC1iOj3uKY1R-2,youtube,2025-01-19 21:40:10+00:00
209,'Oli L2 TQM LB,2025-01-19T21:56:01Z,wemORgz-3uU,https://i.ytimg.com/vi/wemORgz-3uU/default.jpg,PLEQbDXy0ShuWQ4iKD4YVC1iOj3uKY1R-2,youtube,2025-01-19 21:56:01+00:00
210,'Oli L2 BQM LB,2025-01-19T22:38:40Z,XZXBMHw3FmQ,https://i.ytimg.com/vi/XZXBMHw3FmQ/default.jpg,PLEQbDXy0ShuWQ4iKD4YVC1iOj3uKY1R-2,youtube,2025-01-19 22:38:40+00:00
212,'Oli L2 BQM BL Quilted Maple Baritone,2025-01-20T02:54:09Z,dAzkjR_Jsnc,https://i.ytimg.com/vi/dAzkjR_Jsnc/default.jpg,PLEQbDXy0ShuWQ4iKD4YVC1iOj3uKY1R-2,youtube,2025-01-20 02:54:09+00:00
213,'Oli L1 TMG Mango Tenor Gloss,2025-01-29T22:21:44Z,-H8O9hOtY6I,https://i.ytimg.com/vi/-H8O9hOtY6I/default.jpg,PLEQbDXy0ShuWQ4iKD4YVC1iOj3uKY1R-2,youtube,2025-01-29 22:21:44+00:00
214,"""You Are My Sunshine"" on 2025 'Oli Mango Satin Models",2025-01-29T22:42:56Z,_BpK5zAVTck,https://i.ytimg.com/vi/_BpK5zAVTck/default.jpg,PLEQbDXy0ShuWQ4iKD4YVC1iOj3uKY1R-2,youtube,2025-01-29 22:42:56+00:00
215,'Oli L1 CMGS 2025 Concert Mango Satin,2025-01-29T23:01:43Z,vHmlFiegehE,https://i.ytimg.com/vi/vHmlFiegehE/default.jpg,PLEQbDXy0ShuWQ4iKD4YVC1iOj3uKY1R-2,youtube,2025-01-29 23:01:43+00:00
216,'Oli L1SP-TSWA-VB Spruce Waru Vintage Burst Tenor,2025-01-31T19:41:02Z,3z5VE4TXu6c,https://i.ytimg.com/vi/3z5VE4TXu6c/default.jpg,PLEQbDXy0ShuWQ4iKD4YVC1iOj3uKY1R-2,youtube,2025-01-31 19:41:02+00:00
217,'Oli L2 CQM BL Quilted Maple Concert,2025-01-31T21:23:23Z,HsZEZZ5R4FM,https://i.ytimg.com/vi/HsZEZZ5R4FM/default.jpg,PLEQbDXy0ShuWQ4iKD4YVC1iOj3uKY1R-2,youtube,2025-01-31 21:23:23+00:00
218,'Oli l2 TSFM LB,2025-01-31T21:46:14Z,DzOQzjyBe9M,https://i.ytimg.com/vi/DzOQzjyBe9M/default.jpg,PLEQbDXy0ShuWQ4iKD4YVC1iOj3uKY1R-2,youtube,2025-01-31 21:46:14+00:00
219,'Oli 2025 L2 TSR Spruce Rosewoodf Tenor,2025-01-31T22:45:21Z,s_5iauwkXNU,https://i.ytimg.com/vi/s_5iauwkXNU/default.jpg,PLEQbDXy0ShuWQ4iKD4YVC1iOj3uKY1R-2,youtube,2025-01-31 22:45:21+00:00
220,'Oli L1SP-BSWA Baritone Spruce Waru Vintage Burst w Corey and Matt,2025-02-03T03:38:17Z,JVz1wumivMo,https://i.ytimg.com/vi/JVz1wumivMo/default.jpg,PLEQbDXy0ShuWQ4iKD4YVC1iOj3uKY1R-2,youtube,2025-02-03 03:38:17+00:00
221,'Oli L2 CCR Cedar Rosewood Concert,2025-02-05T01:12:20Z,LGYh2ZiOJpU,https://i.ytimg.com/vi/LGYh2ZiOJpU/default.jpg,PLEQbDXy0ShuWQ4iKD4YVC1iOj3uKY1R-2,youtube,2025-02-05 01:12:20+00:00
222,'Oli L2 CSR 2025 Spruce Rosewood Concert,2025-02-05T01:12:53Z,WcuYxImeiio,https://i.ytimg.com/vi/WcuYxImeiio/default.jpg,PLEQbDXy0ShuWQ4iKD4YVC1iOj3uKY1R-2,youtube,2025-02-05 01:12:53+00:00
223,'Oli X-SMH-S Mahogany Soprano,2025-02-05T19:28:14Z,TygkMqVWevU,https://i.ytimg.com/vi/TygkMqVWevU/default.jpg,PLEQbDXy0ShuWQ4iKD4YVC1iOj3uKY1R-2,youtube,2025-02-05 19:28:14+00:00
224,'Oli L1-TPMG Mango Pineapple Tenor,2025-02-07T19:52:04Z,AACVi1kq-bg,https://i.ytimg.com/vi/AACVi1kq-bg/default.jpg,PLEQbDXy0ShuWQ4iKD4YVC1iOj3uKY1R-2,youtube,2025-02-07 19:52:04+00:00
225,'Oli L2 Mango Tenor,2025-02-07T19:52:23Z,GG-4-RpFUOA,https://i.ytimg.com/vi/GG-4-RpFUOA/default.jpg,PLEQbDXy0ShuWQ4iKD4YVC1iOj3uKY1R-2,youtube,2025-02-07 19:52:23+00:00
226,'Oli 2025 Monstera Tenor,2025-02-07T19:52:53Z,lQqvE-sIe6k,https://i.ytimg.com/vi/lQqvE-sIe6k/default.jpg,PLEQbDXy0ShuWQ4iKD4YVC1iOj3uKY1R-2,youtube,2025-02-07 19:52:53+00:00
227,'Oli 2025 L1 Baritone Mango Gloss,2025-02-07T22:08:19Z,IhQFo9gYmus,https://i.ytimg.com/vi/IhQFo9gYmus/default.jpg,PLEQbDXy0ShuWQ4iKD4YVC1iOj3uKY1R-2,youtube,2025-02-07 22:08:19+00:00
228,'Oli 2025 L2 Concert Mango,2025-02-07T22:08:42Z,OPoaDZWwwmU,https://i.ytimg.com/vi/OPoaDZWwwmU/default.jpg,PLEQbDXy0ShuWQ4iKD4YVC1iOj3uKY1R-2,youtube,2025-02-07 22:08:42+00:00
229,'Oli L2 TSFM 729 Spruce Top Flame Maple Tenor,2025-02-08T18:44:06Z,8aAE1qNmvUQ,https://i.ytimg.com/vi/8aAE1qNmvUQ/default.jpg,PLEQbDXy0ShuWQ4iKD4YVC1iOj3uKY1R-2,youtube,2025-02-08 18:44:06+00:00
230,'Oli BRR 645 Redwood Rosewood Baritone,2025-02-08T18:54:45Z,rwmW680HZCM,https://i.ytimg.com/vi/rwmW680HZCM/default.jpg,PLEQbDXy0ShuWQ4iKD4YVC1iOj3uKY1R-2,youtube,2025-02-08 18:54:45+00:00
231,'Oli L2 BK 251 Koa Baritone,2025-02-08T19:12:40Z,2473t_wtxdA,https://i.ytimg.com/vi/2473t_wtxdA/default.jpg,PLEQbDXy0ShuWQ4iKD4YVC1iOj3uKY1R-2,youtube,2025-02-08 19:12:40+00:00
232,'Oli L2 BK 316 Koa Baritone,2025-02-08T19:21:49Z,rHJJgb8pbIo,https://i.ytimg.com/vi/rHJJgb8pbIo/default.jpg,PLEQbDXy0ShuWQ4iKD4YVC1iOj3uKY1R-2,youtube,2025-02-08 19:21:49+00:00
233,'Oli L2 BK 669 Koa Baritone,2025-02-08T19:34:46Z,5iUYOEsfexE,https://i.ytimg.com/vi/5iUYOEsfexE/default.jpg,PLEQbDXy0ShuWQ4iKD4YVC1iOj3uKY1R-2,youtube,2025-02-08 19:34:46+00:00
234,'Oli L2 Bk 665 Koa Baritone,2025-02-08T19:36:36Z,oJ_ZjJ7I0-M,https://i.ytimg.com/vi/oJ_ZjJ7I0-M/default.jpg,PLEQbDXy0ShuWQ4iKD4YVC1iOj3uKY1R-2,youtube,2025-02-08 19:36:36+00:00
235,'Oli L2 BK 325 Koa Baritone,2025-02-08T19:41:01Z,OwlUDJLhAKI,https://i.ytimg.com/vi/OwlUDJLhAKI/default.jpg,PLEQbDXy0ShuWQ4iKD4YVC1iOj3uKY1R-2,youtube,2025-02-08 19:41:01+00:00
236,'Oli l2 CRR 745,2025-02-08T19:47:28Z,bQGOMwoxgsY,https://i.ytimg.com/vi/bQGOMwoxgsY/default.jpg,PLEQbDXy0ShuWQ4iKD4YVC1iOj3uKY1R-2,youtube,2025-02-08 19:47:28+00:00
237,'Oli 2025 L1-CAS 1055 Acacia Satin Concert,2025-02-08T20:00:06Z,n0sEYxxe7y0,https://i.ytimg.com/vi/n0sEYxxe7y0/default.jpg,PLEQbDXy0ShuWQ4iKD4YVC1iOj3uKY1R-2,youtube,2025-02-08 20:00:06+00:00
238,'Oli L2 BRR 609 Redwood Rosewood Baritone,2025-02-08T20:25:12Z,-ShR62NaQ5M,https://i.ytimg.com/vi/-ShR62NaQ5M/default.jpg,PLEQbDXy0ShuWQ4iKD4YVC1iOj3uKY1R-2,youtube,2025-02-08 20:25:12+00:00
239,'Oli L2-BSR 2025 1102,2025-02-08T20:27:49Z,Bcng08Q5kOo,https://i.ytimg.com/vi/Bcng08Q5kOo/default.jpg,PLEQbDXy0ShuWQ4iKD4YVC1iOj3uKY1R-2,youtube,2025-02-08 20:27:49+00:00
240,'Oli 2025 L2 BCR,2025-02-08T20:49:01Z,jyQJnSxNgh0,https://i.ytimg.com/vi/jyQJnSxNgh0/default.jpg,PLEQbDXy0ShuWQ4iKD4YVC1iOj3uKY1R-2,youtube,2025-02-08 20:49:01+00:00
241,'Oli L3-CRMI Redwood Milo Concert 1,2025-02-08T20:49:19Z,j9jPvXrlJAc,https://i.ytimg.com/vi/j9jPvXrlJAc/default.jpg,PLEQbDXy0ShuWQ4iKD4YVC1iOj3uKY1R-2,youtube,2025-02-08 20:49:19+00:00
242,'Oli L3 Plumeria Tenor 1033,2025-02-08T20:49:43Z,oSym4KiyAHc,https://i.ytimg.com/vi/oSym4KiyAHc/default.jpg,PLEQbDXy0ShuWQ4iKD4YVC1iOj3uKY1R-2,youtube,2025-02-08 20:49:43+00:00
243,"""In My Life"" 'Oli L3-TCE  L3-TSR  L2-GSR",2025-02-08T23:40:05Z,r7zRtjvEwxM,https://i.ytimg.com/vi/r7zRtjvEwxM/default.jpg,PLEQbDXy0ShuWQ4iKD4YVC1iOj3uKY1R-2,youtube,2025-02-08 23:40:05+00:00
244,'Oli L1 TAS 963,2025-02-10T03:24:59Z,qIKqcWcqiIg,https://i.ytimg.com/vi/qIKqcWcqiIg/default.jpg,PLEQbDXy0ShuWQ4iKD4YVC1iOj3uKY1R-2,youtube,2025-02-10 03:24:59+00:00
245,'Oli L1 CMGS 919,2025-02-10T03:27:20Z,z4wReLDOiTc,https://i.ytimg.com/vi/z4wReLDOiTc/default.jpg,PLEQbDXy0ShuWQ4iKD4YVC1iOj3uKY1R-2,youtube,2025-02-10 03:27:20+00:00
246,'Oli 2025 L2-BMG 1038,2025-02-10T03:29:24Z,zTu__bpOOkA,https://i.ytimg.com/vi/zTu__bpOOkA/default.jpg,PLEQbDXy0ShuWQ4iKD4YVC1iOj3uKY1R-2,youtube,2025-02-10 03:29:24+00:00
247,'Oli L2 BSFM-LB 1071 Spruce Maple Baritone,2025-02-14T21:37:03Z,DAscxwat_Vc,https://i.ytimg.com/vi/DAscxwat_Vc/default.jpg,PLEQbDXy0ShuWQ4iKD4YVC1iOj3uKY1R-2,youtube,2025-02-14 21:37:03+00:00
248,'Oli L2 CQM LB 1047,2025-02-14T23:42:52Z,-3SRZE38g20,https://i.ytimg.com/vi/-3SRZE38g20/default.jpg,PLEQbDXy0ShuWQ4iKD4YVC1iOj3uKY1R-2,youtube,2025-02-14 23:42:52+00:00
249,'Oli L2 BMR 733,2025-02-14T23:53:01Z,yuMy6CSvF28,https://i.ytimg.com/vi/yuMy6CSvF28/default.jpg,PLEQbDXy0ShuWQ4iKD4YVC1iOj3uKY1R-2,youtube,2025-02-14 23:53:01+00:00
250,'Oli L2-BTSMR 684,2025-02-15T00:06:09Z,cU0AnCPEduk,https://i.ytimg.com/vi/cU0AnCPEduk/default.jpg,PLEQbDXy0ShuWQ4iKD4YVC1iOj3uKY1R-2,youtube,2025-02-15 00:06:09+00:00
251,'Oli L2 TMG Spalted Mango Tenor 596,2025-02-18T09:39:01Z,2dHY0K1Wpaw,https://i.ytimg.com/vi/2dHY0K1Wpaw/default.jpg,PLEQbDXy0ShuWQ4iKD4YVC1iOj3uKY1R-2,youtube,2025-02-18 09:39:01+00:00
252,'Oli L2 TCA 783,2025-02-20T19:02:54Z,kGD-EnRr8D8,https://i.ytimg.com/vi/kGD-EnRr8D8/default.jpg,PLEQbDXy0ShuWQ4iKD4YVC1iOj3uKY1R-2,youtube,2025-02-20 19:02:54+00:00
253,'Oli L2 CSR 799,2025-02-23T00:48:45Z,zRlBU3vS-C8,https://i.ytimg.com/vi/zRlBU3vS-C8/default.jpg,PLEQbDXy0ShuWQ4iKD4YVC1iOj3uKY1R-2,youtube,2025-02-23 00:48:45+00:00
254,'Oli Baritone L2 BSFM BR 798,2025-02-23T00:49:03Z,LcPSAmOU_dw,https://i.ytimg.com/vi/LcPSAmOU_dw/default.jpg,PLEQbDXy0ShuWQ4iKD4YVC1iOj3uKY1R-2,youtube,2025-02-23 00:49:03+00:00
255,'Oli Baritone L2 BRR 650,2025-02-23T00:49:19Z,nMw6YZwnGus,https://i.ytimg.com/vi/nMw6YZwnGus/default.jpg,PLEQbDXy0ShuWQ4iKD4YVC1iOj3uKY1R-2,youtube,2025-02-23 00:49:19+00:00
256,'Oli L2 BSE 862,2025-02-23T01:54:12Z,9NUeYBhX9dU,https://i.ytimg.com/vi/9NUeYBhX9dU/default.jpg,PLEQbDXy0ShuWQ4iKD4YVC1iOj3uKY1R-2,youtube,2025-02-23 01:54:12+00:00
257,'Oli L2-BTSMR 689 Baritone Torrefied Spruce Myrtle Limited Edition,2025-03-08T00:49:58Z,6m6V7lV8yg4,https://i.ytimg.com/vi/6m6V7lV8yg4/default.jpg,PLEQbDXy0ShuWQ4iKD4YVC1iOj3uKY1R-2,youtube,2025-03-08 00:49:58+00:00
258,'Oli L2 TTSMR Torrefied Spruce Myrtle Tenor 667,2025-03-08T01:17:28Z,fVixLG6ObvY,https://i.ytimg.com/vi/fVixLG6ObvY/default.jpg,PLEQbDXy0ShuWQ4iKD4YVC1iOj3uKY1R-2,youtube,2025-03-08 01:17:28+00:00
259,'Oli L2 BRR 608,2025-03-08T01:43:24Z,QxFFVUr9EqQ,https://i.ytimg.com/vi/QxFFVUr9EqQ/default.jpg,PLEQbDXy0ShuWQ4iKD4YVC1iOj3uKY1R-2,youtube,2025-03-08 01:43:24+00:00
260,'Oli L2 BK 317 Koa Baritone,2025-03-13T18:30:55Z,ajZLMd6mnp0,https://i.ytimg.com/vi/ajZLMd6mnp0/default.jpg,PLEQbDXy0ShuWQ4iKD4YVC1iOj3uKY1R-2,youtube,2025-03-13 18:30:55+00:00
261,'Oli L2-CCR 1096 w Kalei,2025-03-18T10:27:26Z,fg3aNABfiZ4,https://i.ytimg.com/vi/fg3aNABfiZ4/default.jpg,PLEQbDXy0ShuWQ4iKD4YVC1iOj3uKY1R-2,youtube,2025-03-18 10:27:26+00:00
262,'Oli L2 CCR w Low G,2025-03-18T10:31:32Z,JTrwghaM3Uc,https://i.ytimg.com/vi/JTrwghaM3Uc/default.jpg,PLEQbDXy0ShuWQ4iKD4YVC1iOj3uKY1R-2,youtube,2025-03-18 10:31:32+00:00
263,'Oli L2-TMG 599 Spalted Mango Tenor,2025-03-18T10:47:48Z,hj1rKNd9Qi4,https://i.ytimg.com/vi/hj1rKNd9Qi4/default.jpg,PLEQbDXy0ShuWQ4iKD4YVC1iOj3uKY1R-2,youtube,2025-03-18 10:47:48+00:00
264,'Oli L1 TA Acacia Tenor Gloss w High G,2025-03-18T10:49:11Z,HYj4Ajz2II4,https://i.ytimg.com/vi/HYj4Ajz2II4/default.jpg,PLEQbDXy0ShuWQ4iKD4YVC1iOj3uKY1R-2,youtube,2025-03-18 10:49:11+00:00
265,'Oli L1 BMG w High D Reentrant tuning,2025-03-18T10:55:24Z,qeaBRTI-mrA,https://i.ytimg.com/vi/qeaBRTI-mrA/default.jpg,PLEQbDXy0ShuWQ4iKD4YVC1iOj3uKY1R-2,youtube,2025-03-18 10:55:24+00:00
266,'Oli L2-BSR Spruce Rosewood Baritone 208,2025-03-25T19:26:59Z,2QbE-g2aYnA,https://i.ytimg.com/vi/2QbE-g2aYnA/default.jpg,PLEQbDXy0ShuWQ4iKD4YVC1iOj3uKY1R-2,youtube,2025-03-25 19:26:59+00:00
267,'Oli L2-BCPW 1202 Port Orford Cedar Walnut Baritone,2025-04-23T09:44:07Z,7trxU1gHqiU,https://i.ytimg.com/vi/7trxU1gHqiU/default.jpg,PLEQbDXy0ShuWQ4iKD4YVC1iOj3uKY1R-2,youtube,2025-04-23 09:44:07+00:00
268,'Oli L2-BRCM 1177 Redwood Hawaiian (Cuban) Mahogany Baritone,2025-04-23T10:08:59Z,7sp8cCNh6Rs,https://i.ytimg.com/vi/7sp8cCNh6Rs/default.jpg,PLEQbDXy0ShuWQ4iKD4YVC1iOj3uKY1R-2,youtube,2025-04-23 10:08:59+00:00
269,'Oli X2-TTSRR Torrefied Spruce Rosewood Tenor,2025-04-24T05:04:46Z,5opERUz7YWM,https://i.ytimg.com/vi/5opERUz7YWM/default.jpg,PLEQbDXy0ShuWQ4iKD4YVC1iOj3uKY1R-2,youtube,2025-04-24 05:04:46+00:00
270,'Oli X2 TCRBW 1161Cedar Rosewood Tenor,2025-04-24T06:22:14Z,n3hy_VOpQc0,https://i.ytimg.com/vi/n3hy_VOpQc0/default.jpg,PLEQbDXy0ShuWQ4iKD4YVC1iOj3uKY1R-2,youtube,2025-04-24 06:22:14+00:00
271,"""Oli L2-TCPMR Port Orford Cedar Myrtle Tenor 1194",2025-04-24T10:00:50Z,oiHEZKaN8ik,https://i.ytimg.com/vi/oiHEZKaN8ik/default.jpg,PLEQbDXy0ShuWQ4iKD4YVC1iOj3uKY1R-2,youtube,2025-04-24 10:00:50+00:00
272,'Oli L3 TCPML Port Orford Cedar Milo Tenor LE 1272,2025-04-24T10:03:07Z,nPwQCLnVzXA,https://i.ytimg.com/vi/nPwQCLnVzXA/default.jpg,PLEQbDXy0ShuWQ4iKD4YVC1iOj3uKY1R-2,youtube,2025-04-24 10:03:07+00:00
273,'Oli L3 TSML Spruce Milo LE Tenor,2025-04-24T10:04:06Z,sGCvfH3n-jE,https://i.ytimg.com/vi/sGCvfH3n-jE/default.jpg,PLEQbDXy0ShuWQ4iKD4YVC1iOj3uKY1R-2,youtube,2025-04-24 10:04:06+00:00
274,'Oli L2-TMR 1264,2025-04-26T08:43:19Z,hbqVG8Z0oe0,https://i.ytimg.com/vi/hbqVG8Z0oe0/default.jpg,PLEQbDXy0ShuWQ4iKD4YVC1iOj3uKY1R-2,youtube,2025-04-26 08:43:19+00:00
275,'Oli L2 TMR Tiger Myrtle Tenor w GOAA Pickup,2025-04-26T20:46:30Z,zRfaN-XZgVE,https://i.ytimg.com/vi/zRfaN-XZgVE/default.jpg,PLEQbDXy0ShuWQ4iKD4YVC1iOj3uKY1R-2,youtube,2025-04-26 20:46:30+00:00
276,'Oli X2-BCR-BW 1144 Cedar Rosewood X braced Baritone,2025-04-27T01:58:11Z,PTMO6cWPf9o,https://i.ytimg.com/vi/PTMO6cWPf9o/default.jpg,PLEQbDXy0ShuWQ4iKD4YVC1iOj3uKY1R-2,youtube,2025-04-27 01:58:11+00:00
277,'Oli L3 TRML  Curly Redwood Milo Tenor 1271,2025-05-11T02:47:51Z,WArzRddPDZ8,https://i.ytimg.com/vi/WArzRddPDZ8/default.jpg,PLEQbDXy0ShuWQ4iKD4YVC1iOj3uKY1R-2,youtube,2025-05-11 02:47:51+00:00
278,'Oli L3 TRML 1290 Curly Redwood Milo LE Tenor,2025-05-11T03:31:53Z,eLa250snUmE,https://i.ytimg.com/vi/eLa250snUmE/default.jpg,PLEQbDXy0ShuWQ4iKD4YVC1iOj3uKY1R-2,youtube,2025-05-11 03:31:53+00:00
279,'Oli L-CM-S Satin Mahogany Concert,2025-05-11T04:02:27Z,lpPQExQbSZI,https://i.ytimg.com/vi/lpPQExQbSZI/default.jpg,PLEQbDXy0ShuWQ4iKD4YVC1iOj3uKY1R-2,youtube,2025-05-11 04:02:27+00:00
280,'Oli L-TM-S Satin Mahogany Tenor,2025-05-11T04:16:25Z,Nj-WvhE59Ek,https://i.ytimg.com/vi/Nj-WvhE59Ek/default.jpg,PLEQbDXy0ShuWQ4iKD4YVC1iOj3uKY1R-2,youtube,2025-05-11 04:16:25+00:00
281,'Oli L-BM-S Satin Mahogany Baritone,2025-05-11T04:44:23Z,NXrSovQvnTE,https://i.ytimg.com/vi/NXrSovQvnTE/default.jpg,PLEQbDXy0ShuWQ4iKD4YVC1iOj3uKY1R-2,youtube,2025-05-11 04:44:23+00:00
282,'Oli L2 TKE Koa Ebony Tenor,2025-05-11T06:01:07Z,NYBejTZgJfw,https://i.ytimg.com/vi/NYBejTZgJfw/default.jpg,PLEQbDXy0ShuWQ4iKD4YVC1iOj3uKY1R-2,youtube,2025-05-11 06:01:07+00:00
283,'Oli L2 CQM BL Quilted Maple Concert 1155,2025-05-11T07:01:24Z,ff7o3eSwELE,https://i.ytimg.com/vi/ff7o3eSwELE/default.jpg,PLEQbDXy0ShuWQ4iKD4YVC1iOj3uKY1R-2,youtube,2025-05-11 07:01:24+00:00
284,'Oli X2 BTSRR 1109 Torrefied Spruce Rosewood Baritone,2025-05-11T07:23:59Z,UEpCcA2lKCk,https://i.ytimg.com/vi/UEpCcA2lKCk/default.jpg,PLEQbDXy0ShuWQ4iKD4YVC1iOj3uKY1R-2,youtube,2025-05-11 07:23:59+00:00
285,'Oli L2 TCPE 1191 Port Orford Cedar Ebony Tenor,2025-05-11T08:10:47Z,G39M_m04f6U,https://i.ytimg.com/vi/G39M_m04f6U/default.jpg,PLEQbDXy0ShuWQ4iKD4YVC1iOj3uKY1R-2,youtube,2025-05-11 08:10:47+00:00
286,'Oli L2 TTSCM Torrefied Spruce Hawaiian Cuban Mahogany Tenor,2025-05-11T09:27:38Z,vdwfXQ1iuIY,https://i.ytimg.com/vi/vdwfXQ1iuIY/default.jpg,PLEQbDXy0ShuWQ4iKD4YVC1iOj3uKY1R-2,youtube,2025-05-11 09:27:38+00:00
287,'Oli L3 BSR P Spruce Rosewood Plumeria LE Baritone,2025-05-12T19:53:18Z,U2jX0nAFijk,https://i.ytimg.com/vi/U2jX0nAFijk/default.jpg,PLEQbDXy0ShuWQ4iKD4YVC1iOj3uKY1R-2,youtube,2025-05-12 19:53:18+00:00
288,'Oli L2 BRCM Redwood Cuban Hawaiian Mahogany 1174,2025-05-12T20:34:41Z,m8q112Vr7Js,https://i.ytimg.com/vi/m8q112Vr7Js/default.jpg,PLEQbDXy0ShuWQ4iKD4YVC1iOj3uKY1R-2,youtube,2025-05-12 20:34:41+00:00
289,'Oli L2-TFM-SB Flame Maple Sunburst Tenor 1188,2025-05-12T20:56:07Z,ur06v3xohPA,https://i.ytimg.com/vi/ur06v3xohPA/default.jpg,PLEQbDXy0ShuWQ4iKD4YVC1iOj3uKY1R-2,youtube,2025-05-12 20:56:07+00:00
290,'Oli L2 BTSCM Torrefied Spruce Hawaiian Mahogany Baritone,2025-05-12T21:00:44Z,LJ2USq9lVpI,https://i.ytimg.com/vi/LJ2USq9lVpI/default.jpg,PLEQbDXy0ShuWQ4iKD4YVC1iOj3uKY1R-2,youtube,2025-05-12 21:00:44+00:00
291,'Oli L3 CSR P Spruce Rosewood LE Plumeria Concert,2025-05-12T21:28:46Z,bB_ODMYkRiE,https://i.ytimg.com/vi/bB_ODMYkRiE/default.jpg,PLEQbDXy0ShuWQ4iKD4YVC1iOj3uKY1R-2,youtube,2025-05-12 21:28:46+00:00
292,"'Oli Spruce Rosewood 18"" Scale Tenor Cutaway",2025-05-13T21:58:17Z,I5TRhtZMNJI,https://i.ytimg.com/vi/I5TRhtZMNJI/default.jpg,PLEQbDXy0ShuWQ4iKD4YVC1iOj3uKY1R-2,youtube,2025-05-13 21:58:17+00:00
293,'Oli L2 CMR Tiger Myrtle Concert,2025-05-14T21:11:15Z,N22bG_jN8NY,https://i.ytimg.com/vi/N22bG_jN8NY/default.jpg,PLEQbDXy0ShuWQ4iKD4YVC1iOj3uKY1R-2,youtube,2025-05-14 21:11:15+00:00
294,'Oli L3-TRML Redwood Milo LE Tenor 1289,2025-05-14T21:31:45Z,6uik2UVNWAw,https://i.ytimg.com/vi/6uik2UVNWAw/default.jpg,PLEQbDXy0ShuWQ4iKD4YVC1iOj3uKY1R-2,youtube,2025-05-14 21:31:45+00:00
295,'Oli L3-TTSML Torrefied Spruce Milo LE Tenor,2025-05-14T21:45:40Z,-22L3lJxneI,https://i.ytimg.com/vi/-22L3lJxneI/default.jpg,PLEQbDXy0ShuWQ4iKD4YVC1iOj3uKY1R-2,youtube,2025-05-14 21:45:40+00:00
296,'Oli L2 BRW Redwood Walnut Diamond Head Moon Baritone,2025-05-14T21:58:30Z,WCd0fltpEsc,https://i.ytimg.com/vi/WCd0fltpEsc/default.jpg,PLEQbDXy0ShuWQ4iKD4YVC1iOj3uKY1R-2,youtube,2025-05-14 21:58:30+00:00
297,'Oli L3 TSE-H Spruce Ebony Honeycomb Tenor,2025-05-14T22:27:12Z,GeyEMyXhCoI,https://i.ytimg.com/vi/GeyEMyXhCoI/default.jpg,PLEQbDXy0ShuWQ4iKD4YVC1iOj3uKY1R-2,youtube,2025-05-14 22:27:12+00:00
298,'Oli L2 CCPW Port Orford Cedar Walnut Concert,2025-05-14T23:07:01Z,bCuTF73J678,https://i.ytimg.com/vi/bCuTF73J678/default.jpg,PLEQbDXy0ShuWQ4iKD4YVC1iOj3uKY1R-2,youtube,2025-05-14 23:07:01+00:00
299,'Oli L1SP TMGBK Mango Tenor,2025-05-15T00:46:24Z,YNPbOKeQnvY,https://i.ytimg.com/vi/YNPbOKeQnvY/default.jpg,PLEQbDXy0ShuWQ4iKD4YVC1iOj3uKY1R-2,youtube,2025-05-15 00:46:24+00:00
300,'Oli L3 BSE H Spruce Ebony Honeycomb Baritone,2025-05-15T01:32:04Z,89w0P-9jhAI,https://i.ytimg.com/vi/89w0P-9jhAI/default.jpg,PLEQbDXy0ShuWQ4iKD4YVC1iOj3uKY1R-2,youtube,2025-05-15 01:32:04+00:00
301,'Oli L1 TPMG Mango Pineapple Tenor,2025-05-16T05:10:07Z,qYeqrVREuWo,https://i.ytimg.com/vi/qYeqrVREuWo/default.jpg,PLEQbDXy0ShuWQ4iKD4YVC1iOj3uKY1R-2,youtube,2025-05-16 05:10:07+00:00
302,'Oli L3-TSR-P Plumeria Tenor 1247,2025-05-17T22:16:09Z,WeC-fgs9Gcc,https://i.ytimg.com/vi/WeC-fgs9Gcc/default.jpg,PLEQbDXy0ShuWQ4iKD4YVC1iOj3uKY1R-2,youtube,2025-05-17 22:16:09+00:00
303,'Oli L3 CCE 1237 Cedar Ebony Honeycomb LE Concert,2025-05-18T03:23:54Z,Rbm3qh-z8jU,https://i.ytimg.com/vi/Rbm3qh-z8jU/default.jpg,PLEQbDXy0ShuWQ4iKD4YVC1iOj3uKY1R-2,youtube,2025-05-18 03:23:54+00:00
304,'Oli L3-CSE H 1186,2025-05-18T03:41:25Z,7PABqyB1Ef8,https://i.ytimg.com/vi/7PABqyB1Ef8/default.jpg,PLEQbDXy0ShuWQ4iKD4YVC1iOj3uKY1R-2,youtube,2025-05-18 03:41:25+00:00
305,'Oli L3-BRML Redwood Milo Baritone,2025-05-18T04:58:43Z,GbhISyq_xl4,https://i.ytimg.com/vi/GbhISyq_xl4/default.jpg,PLEQbDXy0ShuWQ4iKD4YVC1iOj3uKY1R-2,youtube,2025-05-18 04:58:43+00:00
306,'Oli L2 BMR Myrtle Baritone 1200,2025-05-20T21:20:56Z,ODUFkjCwndg,https://i.ytimg.com/vi/ODUFkjCwndg/default.jpg,PLEQbDXy0ShuWQ4iKD4YVC1iOj3uKY1R-2,youtube,2025-05-20 21:20:56+00:00
307,'Oli L1SP-BMG-BK Mango Baritone,2025-05-21T04:33:53Z,__RoMIAxDwk,https://i.ytimg.com/vi/__RoMIAxDwk/default.jpg,PLEQbDXy0ShuWQ4iKD4YVC1iOj3uKY1R-2,youtube,2025-05-21 04:33:53+00:00
308,'Oli Torrefied Spruce Milo L3 TTSML 1275,2025-05-30T19:46:20Z,lUTWoQr7iUg,https://i.ytimg.com/vi/lUTWoQr7iUg/default.jpg,PLEQbDXy0ShuWQ4iKD4YVC1iOj3uKY1R-2,youtube,2025-05-30 19:46:20+00:00
309,'Oli L2 CRW Redwood Walnut Concert 1225,2025-05-31T03:52:45Z,fF1euBWryAs,https://i.ytimg.com/vi/fF1euBWryAs/default.jpg,PLEQbDXy0ShuWQ4iKD4YVC1iOj3uKY1R-2,youtube,2025-05-31 03:52:45+00:00
310,'Oli X2 BCRBW S 1142 Cedar Black & White Rosewood Baritone,2025-05-31T08:18:42Z,NoGTiNc-hAM,https://i.ytimg.com/vi/NoGTiNc-hAM/default.jpg,PLEQbDXy0ShuWQ4iKD4YVC1iOj3uKY1R-2,youtube,2025-05-31 08:18:42+00:00
311,'Oli Cedar Milo L3 Limited Edition Tenor,2025-05-31T19:48:25Z,U_atB4KSaY8,https://i.ytimg.com/vi/U_atB4KSaY8/default.jpg,PLEQbDXy0ShuWQ4iKD4YVC1iOj3uKY1R-2,youtube,2025-05-31 19:48:25+00:00
312,'Oli L2 BQM 844 Quilted Maple Baritone,2025-06-01T03:10:18Z,-8DAEx3BU8g,https://i.ytimg.com/vi/-8DAEx3BU8g/default.jpg,PLEQbDXy0ShuWQ4iKD4YVC1iOj3uKY1R-2,youtube,2025-06-01 03:10:18+00:00
313,'Oli L3 Honeycomb Tenor Torrefied Spruce Ebony,2025-06-01T03:18:15Z,03s7LIKWPLA,https://i.ytimg.com/vi/03s7LIKWPLA/default.jpg,PLEQbDXy0ShuWQ4iKD4YVC1iOj3uKY1R-2,youtube,2025-06-01 03:18:15+00:00
314,'Oli L2 TSFM SB,2025-06-01T04:13:38Z,UUx6OsEMIOw,https://i.ytimg.com/vi/UUx6OsEMIOw/default.jpg,PLEQbDXy0ShuWQ4iKD4YVC1iOj3uKY1R-2,youtube,2025-06-01 04:13:38+00:00
315,'Oli L2 CSCM Spruce Cuban Mahogany Concert,2025-06-01T05:01:03Z,ukWr4wZxRFU,https://i.ytimg.com/vi/ukWr4wZxRFU/default.jpg,PLEQbDXy0ShuWQ4iKD4YVC1iOj3uKY1R-2,youtube,2025-06-01 05:01:03+00:00
316,'Oli L2 TTSCM 1192 Torrefied Spruce Cuban Mahogany,2025-06-02T01:06:11Z,Kt1OVTbG_Kg,https://i.ytimg.com/vi/Kt1OVTbG_Kg/default.jpg,PLEQbDXy0ShuWQ4iKD4YVC1iOj3uKY1R-2,youtube,2025-06-02 01:06:11+00:00
317,Mi-Si Motif Pickup - 'Oli Mango Tenor,2025-06-10T21:43:54Z,O44IxvUF3Hw,https://i.ytimg.com/vi/O44IxvUF3Hw/default.jpg,PLEQbDXy0ShuWQ4iKD4YVC1iOj3uKY1R-2,youtube,2025-06-10 21:43:54+00:00
318,Ukulele Pickup Comparo: L.R. Baggs 5.0 vs MiSi Motif,2025-06-11T23:47:32Z,qlu7G2tlOts,https://i.ytimg.com/vi/qlu7G2tlOts/default.jpg,PLEQbDXy0ShuWQ4iKD4YVC1iOj3uKY1R-2,youtube,2025-06-11 23:47:32+00:00
319,'Oli Port Orford Cedar Myrtle Baritone L2-BCPMR 1205,2025-06-12T23:22:54Z,vZgdz3o2vHw,https://i.ytimg.com/vi/vZgdz3o2vHw/default.jpg,PLEQbDXy0ShuWQ4iKD4YVC1iOj3uKY1R-2,youtube,2025-06-12 23:22:54+00:00
320,'Oli Baritone Reentrant High D and Linear Low D Sample X2-BTSRR 1126,2025-06-14T23:11:43Z,m6gPM74A0QI,https://i.ytimg.com/vi/m6gPM74A0QI/default.jpg,PLEQbDXy0ShuWQ4iKD4YVC1iOj3uKY1R-2,youtube,2025-06-14 23:11:43+00:00
321,'Oli L3-TRML 1291 Curly Redwood Milo Tenor,2025-06-20T10:21:55Z,dQb-524e3qg,https://i.ytimg.com/vi/dQb-524e3qg/default.jpg,PLEQbDXy0ShuWQ4iKD4YVC1iOj3uKY1R-2,youtube,2025-06-20 10:21:55+00:00
322,'Oli L3-CCML Cedar Milo Concert,2025-06-20T11:01:05Z,0casrVyWKKE,https://i.ytimg.com/vi/0casrVyWKKE/default.jpg,PLEQbDXy0ShuWQ4iKD4YVC1iOj3uKY1R-2,youtube,2025-06-20 11:01:05+00:00
323,'Oli L2 TSR 1064 2025 Spruce Rosewood Tenor,2025-06-22T00:29:33Z,zQWpzlqbl_M,https://i.ytimg.com/vi/zQWpzlqbl_M/default.jpg,PLEQbDXy0ShuWQ4iKD4YVC1iOj3uKY1R-2,youtube,2025-06-22 00:29:33+00:00
324,'Oli L2 TCR 2025 1065 Cedar Rosewood Tenor,2025-06-22T01:12:00Z,Y_73dHX0NNA,https://i.ytimg.com/vi/Y_73dHX0NNA/default.jpg,PLEQbDXy0ShuWQ4iKD4YVC1iOj3uKY1R-2,youtube,2025-06-22 01:12:00+00:00
325,'Oli L2 CSR 1069,2025-06-22T02:17:22Z,sTDGGnz6CXM,https://i.ytimg.com/vi/sTDGGnz6CXM/default.jpg,PLEQbDXy0ShuWQ4iKD4YVC1iOj3uKY1R-2,youtube,2025-06-22 02:17:22+00:00
326,'Oli L3 CCPML Port Orford Cedar Milo Concert,2025-06-22T02:18:07Z,8EV-3ifGQQA,https://i.ytimg.com/vi/8EV-3ifGQQA/default.jpg,PLEQbDXy0ShuWQ4iKD4YVC1iOj3uKY1R-2,youtube,2025-06-22 02:18:07+00:00
327,'Oli L2-CRR Curly Redwood Rosewood Concert 832,2025-06-22T02:18:34Z,7fNk5YvFyy0,https://i.ytimg.com/vi/7fNk5YvFyy0/default.jpg,PLEQbDXy0ShuWQ4iKD4YVC1iOj3uKY1R-2,youtube,2025-06-22 02:18:34+00:00
328,'Oli L3-CCE-H-S Honeycomb Satin Cedar Ebony Concert,2025-06-22T02:21:07Z,hxbyi25-sk0,https://i.ytimg.com/vi/hxbyi25-sk0/default.jpg,PLEQbDXy0ShuWQ4iKD4YVC1iOj3uKY1R-2,youtube,2025-06-22 02:21:07+00:00
329,'Oli L3-CCE-H-SB Honeycomb Sunburst Cedar Ebony Concert,2025-06-22T02:19:41Z,CHvJ5M-IWn8,https://i.ytimg.com/vi/CHvJ5M-IWn8/default.jpg,PLEQbDXy0ShuWQ4iKD4YVC1iOj3uKY1R-2,youtube,2025-06-22 02:19:41+00:00
330,'Oli L2-CCCM 1267 Cedar Hawaiian Cuban Mahogany Concert,2025-06-22T02:20:28Z,2fglkjvNKLU,https://i.ytimg.com/vi/2fglkjvNKLU/default.jpg,PLEQbDXy0ShuWQ4iKD4YVC1iOj3uKY1R-2,youtube,2025-06-22 02:20:28+00:00
331,'Oli X2-BTSRR Torrefied Spruce Red Rosewood Baritone 1127,2025-06-26T02:17:30Z,4qNDoaI5w20,https://i.ytimg.com/vi/4qNDoaI5w20/default.jpg,PLEQbDXy0ShuWQ4iKD4YVC1iOj3uKY1R-2,youtube,2025-06-26 02:17:30+00:00
332,'Oli L2-TCPE Port Orford Cedar Ebony Tenor,2025-06-27T19:06:31Z,IZzmmRcxLfI,https://i.ytimg.com/vi/IZzmmRcxLfI/default.jpg,PLEQbDXy0ShuWQ4iKD4YVC1iOj3uKY1R-2,youtube,2025-06-27 19:06:31+00:00
333,'Oli L-TMG-S Mango Tenor,2025-07-12T04:05:07Z,-a8Htsage2c,https://i.ytimg.com/vi/-a8Htsage2c/default.jpg,PLEQbDXy0ShuWQ4iKD4YVC1iOj3uKY1R-2,youtube,2025-07-12 04:05:07+00:00
334,'Oli L-CMG-S Mango Concert,2025-07-12T04:12:59Z,2xi4DMxrXak,https://i.ytimg.com/vi/2xi4DMxrXak/default.jpg,PLEQbDXy0ShuWQ4iKD4YVC1iOj3uKY1R-2,youtube,2025-07-12 04:12:59+00:00
335,'Oli L-BMG-S Mango Baritone,2025-07-12T04:27:21Z,lGxw2Dy_Eqc,https://i.ytimg.com/vi/lGxw2Dy_Eqc/default.jpg,PLEQbDXy0ShuWQ4iKD4YVC1iOj3uKY1R-2,youtube,2025-07-12 04:27:21+00:00
336,'Oli L-CA-S Acacia Concert,2025-07-12T04:42:02Z,wnyE1tXdQ10,https://i.ytimg.com/vi/wnyE1tXdQ10/default.jpg,PLEQbDXy0ShuWQ4iKD4YVC1iOj3uKY1R-2,youtube,2025-07-12 04:42:02+00:00
337,'Oli L-TA-S Acacia Tenor,2025-07-12T04:44:24Z,Vs5t3ISGJoM,https://i.ytimg.com/vi/Vs5t3ISGJoM/default.jpg,PLEQbDXy0ShuWQ4iKD4YVC1iOj3uKY1R-2,youtube,2025-07-12 04:44:24+00:00
338,'Oli L-BA-S Acacia Baritone,2025-07-12T05:14:44Z,QQP9af-1LKk,https://i.ytimg.com/vi/QQP9af-1LKk/default.jpg,PLEQbDXy0ShuWQ4iKD4YVC1iOj3uKY1R-2,youtube,2025-07-12 05:14:44+00:00
339,'Oli NEW L2-TCR 1483 Cedar Rosewood Tenor,2025-07-12T05:26:11Z,KGmCxXLAF-k,https://i.ytimg.com/vi/KGmCxXLAF-k/default.jpg,PLEQbDXy0ShuWQ4iKD4YVC1iOj3uKY1R-2,youtube,2025-07-12 05:26:11+00:00
340,'Oli NEW L2-BCR 1500 Cedar Rosewood Baritone,2025-07-12T05:43:35Z,e9aPUGPfy6k,https://i.ytimg.com/vi/e9aPUGPfy6k/default.jpg,PLEQbDXy0ShuWQ4iKD4YVC1iOj3uKY1R-2,youtube,2025-07-12 05:43:35+00:00
341,'Oli L2-TPMG Tenor Mango Pineapple,2025-07-12T06:34:27Z,qTpxK_wzhY8,https://i.ytimg.com/vi/qTpxK_wzhY8/default.jpg,PLEQbDXy0ShuWQ4iKD4YVC1iOj3uKY1R-2,youtube,2025-07-12 06:34:27+00:00
342,'Oli L2-CPMG Concert Pineapple Mango,2025-07-12T06:53:44Z,8gKlq1m6dQ8,https://i.ytimg.com/vi/8gKlq1m6dQ8/default.jpg,PLEQbDXy0ShuWQ4iKD4YVC1iOj3uKY1R-2,youtube,2025-07-12 06:53:44+00:00
343,'Oli L2 TTSA Torrefied Spruce Acacia Monstera Tenor,2025-07-13T07:35:57Z,eUGEsySF4Lw,https://i.ytimg.com/vi/eUGEsySF4Lw/default.jpg,PLEQbDXy0ShuWQ4iKD4YVC1iOj3uKY1R-2,youtube,2025-07-13 07:35:57+00:00
344,'Oli L2-TMG Mango Tenor 1486,2025-07-13T08:24:48Z,BwNkbyMHzpQ,https://i.ytimg.com/vi/BwNkbyMHzpQ/default.jpg,PLEQbDXy0ShuWQ4iKD4YVC1iOj3uKY1R-2,youtube,2025-07-13 08:24:48+00:00
345,'Oli L2-BMG Mango Baritone 1505,2025-07-13T08:31:11Z,Iqeia3_o6Vc,https://i.ytimg.com/vi/Iqeia3_o6Vc/default.jpg,PLEQbDXy0ShuWQ4iKD4YVC1iOj3uKY1R-2,youtube,2025-07-13 08:31:11+00:00
346,'Oli X1 TMH Mahogany Tenor,2025-07-13T09:05:00Z,ThOI0LKaPbA,https://i.ytimg.com/vi/ThOI0LKaPbA/default.jpg,PLEQbDXy0ShuWQ4iKD4YVC1iOj3uKY1R-2,youtube,2025-07-13 09:05:00+00:00
347,'Oli L2 BTSA Torrefied Spruce Acacia Baritone,2025-07-13T22:22:00Z,qbWx32Utyd8,https://i.ytimg.com/vi/qbWx32Utyd8/default.jpg,PLEQbDXy0ShuWQ4iKD4YVC1iOj3uKY1R-2,youtube,2025-07-13 22:22:00+00:00
348,'Oli L1SP TSWA VB Spruce Waru Vintage Burst Tenor,2025-07-14T00:52:52Z,bWtYd3jsuNs,https://i.ytimg.com/vi/bWtYd3jsuNs/default.jpg,PLEQbDXy0ShuWQ4iKD4YVC1iOj3uKY1R-2,youtube,2025-07-14 00:52:52+00:00
349,'Oli L2-CMG Mango Concert,2025-07-14T01:48:46Z,CiRh5FccAIc,https://i.ytimg.com/vi/CiRh5FccAIc/default.jpg,PLEQbDXy0ShuWQ4iKD4YVC1iOj3uKY1R-2,youtube,2025-07-14 01:48:46+00:00
350,'Oli L2-BSR Spruce Rosewood Baritone,2025-07-14T02:39:07Z,pVLOXLcSs_4,https://i.ytimg.com/vi/pVLOXLcSs_4/default.jpg,PLEQbDXy0ShuWQ4iKD4YVC1iOj3uKY1R-2,youtube,2025-07-14 02:39:07+00:00
351,'Oli X1-BMH S Mahogany Baritone,2025-07-16T09:28:47Z,HQfblnbmgRI,https://i.ytimg.com/vi/HQfblnbmgRI/default.jpg,PLEQbDXy0ShuWQ4iKD4YVC1iOj3uKY1R-2,youtube,2025-07-16 09:28:47+00:00
352,'Oli L2-CTSA Torrefied Spruce Acacia Concert,2025-07-17T02:01:05Z,3AuOVsytXXg,https://i.ytimg.com/vi/3AuOVsytXXg/default.jpg,PLEQbDXy0ShuWQ4iKD4YVC1iOj3uKY1R-2,youtube,2025-07-17 02:01:05+00:00
353,'Oli L1SP-BSWA Spruce Waru Vintage Burst Baritone,2025-07-17T08:28:59Z,9Zn7TWt7QIY,https://i.ytimg.com/vi/9Zn7TWt7QIY/default.jpg,PLEQbDXy0ShuWQ4iKD4YVC1iOj3uKY1R-2,youtube,2025-07-17 08:28:59+00:00
354,'Oli X1-SMH-S Mahogany Soprano w Kalei,2025-07-18T06:56:44Z,rVtTgH1AmyA,https://i.ytimg.com/vi/rVtTgH1AmyA/default.jpg,PLEQbDXy0ShuWQ4iKD4YVC1iOj3uKY1R-2,youtube,2025-07-18 06:56:44+00:00
355,'Oli X1-CMH-S Concert Mahogany,2025-07-21T05:14:03Z,2gVLJCw8dMU,https://i.ytimg.com/vi/2gVLJCw8dMU/default.jpg,PLEQbDXy0ShuWQ4iKD4YVC1iOj3uKY1R-2,youtube,2025-07-21 05:14:03+00:00
356,'Oli L2 BRW 1204 Redwood Walnut Diamond Head Moon Baritone,2025-07-21T07:05:03Z,mGwUgVKQs_k,https://i.ytimg.com/vi/mGwUgVKQs_k/default.jpg,PLEQbDXy0ShuWQ4iKD4YVC1iOj3uKY1R-2,youtube,2025-07-21 07:05:03+00:00
357,'Oli L2-BCR 1062,2025-07-24T01:53:16Z,4UMO0Eo0yk0,https://i.ytimg.com/vi/4UMO0Eo0yk0/default.jpg,PLEQbDXy0ShuWQ4iKD4YVC1iOj3uKY1R-2,youtube,2025-07-24 01:53:16+00:00
358,Oli L3-TRML Curly Redwood Milo Tenor,2025-07-25T00:39:16Z,95lhu10_THM,https://i.ytimg.com/vi/95lhu10_THM/default.jpg,PLEQbDXy0ShuWQ4iKD4YVC1iOj3uKY1R-2,youtube,2025-07-25 00:39:16+00:00
359,'Oli L2-TCIR-P LE Pink Incense Cedar Rosewood Plumeria Tenor,2025-08-03T23:13:53Z,A2KHntVWIQA,https://i.ytimg.com/vi/A2KHntVWIQA/default.jpg,PLEQbDXy0ShuWQ4iKD4YVC1iOj3uKY1R-2,youtube,2025-08-03 23:13:53+00:00
360,'Oli L3 BCIR P Pink Incense Cedar Rosewood Plumeria Baritone,2025-08-03T23:20:24Z,xTVH-canCVo,https://i.ytimg.com/vi/xTVH-canCVo/default.jpg,PLEQbDXy0ShuWQ4iKD4YVC1iOj3uKY1R-2,youtube,2025-08-03 23:20:24+00:00
361,'Oli L2 TMR Curly Myrtle Tenor,2025-08-03T23:38:33Z,037scxWrmu4,https://i.ytimg.com/vi/037scxWrmu4/default.jpg,PLEQbDXy0ShuWQ4iKD4YVC1iOj3uKY1R-2,youtube,2025-08-03 23:38:33+00:00
362,'Oli L2-TMR Tiger Myrtle Tenor,2025-08-03T23:51:58Z,sd3nrJOD-Pk,https://i.ytimg.com/vi/sd3nrJOD-Pk/default.jpg,PLEQbDXy0ShuWQ4iKD4YVC1iOj3uKY1R-2,youtube,2025-08-03 23:51:58+00:00
363,'Oli L2 BCPMR Port Orforford Cedar Myrtle Baritone,2025-08-04T00:00:41Z,_B6sHsCgvTE,https://i.ytimg.com/vi/_B6sHsCgvTE/default.jpg,PLEQbDXy0ShuWQ4iKD4YVC1iOj3uKY1R-2,youtube,2025-08-04 00:00:41+00:00
364,'Oli L2 TSFM LB 1576 Lightburst Spruce Flame Maple Tenor,2025-08-04T00:26:57Z,mM3A6ZAbijM,https://i.ytimg.com/vi/mM3A6ZAbijM/default.jpg,PLEQbDXy0ShuWQ4iKD4YVC1iOj3uKY1R-2,youtube,2025-08-04 00:26:57+00:00
365,'Oli L1SP-TSKMR Sitka Spruce Myrtle Tenor,2025-08-04T00:42:46Z,E15bbTv257c,https://i.ytimg.com/vi/E15bbTv257c/default.jpg,PLEQbDXy0ShuWQ4iKD4YVC1iOj3uKY1R-2,youtube,2025-08-04 00:42:46+00:00
366,'Oli L1-TMR Myrtle Tenor,2025-08-04T00:52:11Z,Ky1eEG5qC6Y,https://i.ytimg.com/vi/Ky1eEG5qC6Y/default.jpg,PLEQbDXy0ShuWQ4iKD4YVC1iOj3uKY1R-2,youtube,2025-08-04 00:52:11+00:00
367,'Oli L2 BRW Sinker Redwood Walnut Baritone,2025-08-04T01:08:32Z,fCSFtzogbMQ,https://i.ytimg.com/vi/fCSFtzogbMQ/default.jpg,PLEQbDXy0ShuWQ4iKD4YVC1iOj3uKY1R-2,youtube,2025-08-04 01:08:32+00:00
368,'Oli L2 TCPMR 1547 Port Orford Cedar Myrtle,2025-08-04T01:39:59Z,znyxkeAk-yQ,https://i.ytimg.com/vi/znyxkeAk-yQ/default.jpg,PLEQbDXy0ShuWQ4iKD4YVC1iOj3uKY1R-2,youtube,2025-08-04 01:39:59+00:00
369,'Oli L2 CCPMR 1531 Curly PO Cedar Myrtle Concert,2025-08-04T01:58:16Z,x5lwhNQUSvQ,https://i.ytimg.com/vi/x5lwhNQUSvQ/default.jpg,PLEQbDXy0ShuWQ4iKD4YVC1iOj3uKY1R-2,youtube,2025-08-04 01:58:16+00:00
370,'Oli L2 CSFM LB Spruce Maple Light Burst Concert,2025-08-04T02:29:52Z,oAyzQjK3UeY,https://i.ytimg.com/vi/oAyzQjK3UeY/default.jpg,PLEQbDXy0ShuWQ4iKD4YVC1iOj3uKY1R-2,youtube,2025-08-04 02:29:52+00:00
371,'Oli L2 CMR Curly Myrtle Concert,2025-08-04T02:43:21Z,T6Qaw6nV-qc,https://i.ytimg.com/vi/T6Qaw6nV-qc/default.jpg,PLEQbDXy0ShuWQ4iKD4YVC1iOj3uKY1R-2,youtube,2025-08-04 02:43:21+00:00
372,'Oli L2 BSFM LB Spruce Flame Maple Light Burst Baritone,2025-08-04T02:44:02Z,eJH8yZzbb7M,https://i.ytimg.com/vi/eJH8yZzbb7M/default.jpg,PLEQbDXy0ShuWQ4iKD4YVC1iOj3uKY1R-2,youtube,2025-08-04 02:44:02+00:00
373,'Oli L2-CMR-SE Myrtle Concert Special Edition,2025-09-04T23:23:43Z,qAzSSqGzzhY,https://i.ytimg.com/vi/qAzSSqGzzhY/default.jpg,PLEQbDXy0ShuWQ4iKD4YVC1iOj3uKY1R-2,youtube,2025-09-04 23:23:43+00:00
374,'Oli X3-TCKM Cedar Kamani Tenor,2025-09-05T00:02:27Z,HPBbAPcfnek,https://i.ytimg.com/vi/HPBbAPcfnek/default.jpg,PLEQbDXy0ShuWQ4iKD4YVC1iOj3uKY1R-2,youtube,2025-09-05 00:02:27+00:00
375,'Oli L3 BTSE Torrefied Sppruce Ebony Honeycomb Baritone,2025-09-12T06:24:08Z,yP59_mYyUDA,https://i.ytimg.com/vi/yP59_mYyUDA/default.jpg,PLEQbDXy0ShuWQ4iKD4YVC1iOj3uKY1R-2,youtube,2025-09-12 06:24:08+00:00
376,'Oli L2 TSR Spruce Rosewood Tenor in Low & High G,2025-09-12T06:24:29Z,hCxYl6e-vdQ,https://i.ytimg.com/vi/hCxYl6e-vdQ/default.jpg,PLEQbDXy0ShuWQ4iKD4YVC1iOj3uKY1R-2,youtube,2025-09-12 06:24:29+00:00
377,'Oli Cedar Rosewood Baritone L2-BCR 1497,2025-09-12T06:25:31Z,XzNh7vxLy3A,https://i.ytimg.com/vi/XzNh7vxLy3A/default.jpg,PLEQbDXy0ShuWQ4iKD4YVC1iOj3uKY1R-2,youtube,2025-09-12 06:25:31+00:00
378,"'Oli Mango Tenor ""Mega Mendung""",2025-09-19T22:43:33Z,r8UGhb8oEQ4,https://i.ytimg.com/vi/r8UGhb8oEQ4/default.jpg,PLEQbDXy0ShuWQ4iKD4YVC1iOj3uKY1R-2,youtube,2025-09-19 22:43:33+00:00
379,"'Oli Spruce Maple Concert L2 CSFM LB & Mango Tenor L2 TMG MM ""E Ku'u Morning Dew""",2025-09-19T22:52:42Z,fAFT74Pfs8Q,https://i.ytimg.com/vi/fAFT74Pfs8Q/default.jpg,PLEQbDXy0ShuWQ4iKD4YVC1iOj3uKY1R-2,youtube,2025-09-19 22:52:42+00:00
380,'Oli L2 CSFM LB Concert Spruce Flame Maple Light Burst w Mika Kane,2025-09-19T23:14:59Z,RxtGB3seKLg,https://i.ytimg.com/vi/RxtGB3seKLg/default.jpg,PLEQbDXy0ShuWQ4iKD4YVC1iOj3uKY1R-2,youtube,2025-09-19 23:14:59+00:00
381,'Oli L2 TMR 1556 Myrtle Tenor,2025-09-21T01:10:16Z,KmkW6UGQHKE,https://i.ytimg.com/vi/KmkW6UGQHKE/default.jpg,PLEQbDXy0ShuWQ4iKD4YVC1iOj3uKY1R-2,youtube,2025-09-21 01:10:16+00:00
382,'Oli L2-CMR 1537 Myrtle Concert,2025-09-21T01:18:14Z,ITcXbVH4BAQ,https://i.ytimg.com/vi/ITcXbVH4BAQ/default.jpg,PLEQbDXy0ShuWQ4iKD4YVC1iOj3uKY1R-2,youtube,2025-09-21 01:18:14+00:00
383,'Oli L3-TTSE H 1252,2025-09-21T02:55:54Z,Y-FSuohzFX0,https://i.ytimg.com/vi/Y-FSuohzFX0/default.jpg,PLEQbDXy0ShuWQ4iKD4YVC1iOj3uKY1R-2,youtube,2025-09-21 02:55:54+00:00
384,'Oli L2-TSFM-BR 767 Spruce Flame Maple Tenor,2025-09-21T03:21:45Z,ef-xKFHbLrE,https://i.ytimg.com/vi/ef-xKFHbLrE/default.jpg,PLEQbDXy0ShuWQ4iKD4YVC1iOj3uKY1R-2,youtube,2025-09-21 03:21:45+00:00
385,'Oli L2-TCPMR 1548 Port Orford Cedar Myrtle Tenor,2025-09-21T04:10:41Z,lCrr3ceWirM,https://i.ytimg.com/vi/lCrr3ceWirM/default.jpg,PLEQbDXy0ShuWQ4iKD4YVC1iOj3uKY1R-2,youtube,2025-09-21 04:10:41+00:00
386,'Oli L2-CCPMR Concert Port Orford Cedar Myrtle 1533,2025-09-21T05:19:59Z,E5atavzpppo,https://i.ytimg.com/vi/E5atavzpppo/default.jpg,PLEQbDXy0ShuWQ4iKD4YVC1iOj3uKY1R-2,youtube,2025-09-21 05:19:59+00:00
387,'Oli L2 CSCM 1259 Spruce Hawaiian Grown Cuban Mahogany Concert,2025-09-21T05:26:05Z,4Wveo0XP6Qg,https://i.ytimg.com/vi/4Wveo0XP6Qg/default.jpg,PLEQbDXy0ShuWQ4iKD4YVC1iOj3uKY1R-2,youtube,2025-09-21 05:26:05+00:00
388,'Oli L2-BSCFM 1699 Sinker Cypress Maple,2025-09-28T20:21:36Z,Shmv2gexjME,https://i.ytimg.com/vi/Shmv2gexjME/default.jpg,PLEQbDXy0ShuWQ4iKD4YVC1iOj3uKY1R-2,youtube,2025-09-28 20:21:36+00:00
389,'Oli L2 TSCFM 1614 Sinker Cypress Maple Tenor,2025-09-28T20:30:26Z,7mB2xLucPck,https://i.ytimg.com/vi/7mB2xLucPck/default.jpg,PLEQbDXy0ShuWQ4iKD4YVC1iOj3uKY1R-2,youtube,2025-09-28 20:30:26+00:00
390,'Oli L2 CSCQM 1749 Sinker Cypress Maple Concert,2025-09-28T21:16:12Z,jc6vNNrlYnk,https://i.ytimg.com/vi/jc6vNNrlYnk/default.jpg,PLEQbDXy0ShuWQ4iKD4YVC1iOj3uKY1R-2,youtube,2025-09-28 21:16:12+00:00
391,'Oli L3 CSCMB Sinker Cypress Malaysian Blackwood,2025-09-28T21:27:53Z,dkxydt_FyRg,https://i.ytimg.com/vi/dkxydt_FyRg/default.jpg,PLEQbDXy0ShuWQ4iKD4YVC1iOj3uKY1R-2,youtube,2025-09-28 21:27:53+00:00
392,'Oli L3-CSCO 1670 Spruce Cocobolo Concert,2025-09-28T22:04:39Z,QDR7npWNK9g,https://i.ytimg.com/vi/QDR7npWNK9g/default.jpg,PLEQbDXy0ShuWQ4iKD4YVC1iOj3uKY1R-2,youtube,2025-09-28 22:04:39+00:00
393,'Oli X 1TMG Mango Tenor,2025-09-28T22:42:12Z,LfqxLk3KdI0,https://i.ytimg.com/vi/LfqxLk3KdI0/default.jpg,PLEQbDXy0ShuWQ4iKD4YVC1iOj3uKY1R-2,youtube,2025-09-28 22:42:12+00:00
394,'Oli X2 TRR 1691 Redwood Rosewood Tenor,2025-09-29T03:27:12Z,wDk9J_l4i_A,https://i.ytimg.com/vi/wDk9J_l4i_A/default.jpg,PLEQbDXy0ShuWQ4iKD4YVC1iOj3uKY1R-2,youtube,2025-09-29 03:27:12+00:00
395,'Oli X2 CRR SE 1667 Redwood Rosewood Concert,2025-09-29T04:33:09Z,P8TOa1_NZxI,https://i.ytimg.com/vi/P8TOa1_NZxI/default.jpg,PLEQbDXy0ShuWQ4iKD4YVC1iOj3uKY1R-2,youtube,2025-09-29 04:33:09+00:00
396,'Oli X2 BRR 1714 Baritone Redwood Rosewood,2025-09-29T05:26:49Z,Bd6xa21_LRE,https://i.ytimg.com/vi/Bd6xa21_LRE/default.jpg,PLEQbDXy0ShuWQ4iKD4YVC1iOj3uKY1R-2,youtube,2025-09-29 05:26:49+00:00
397,'Oli X1-SSKMH S Sitka Spruce Mahogany Soprano,2025-10-01T22:59:59Z,e4w580c5mQ4,https://i.ytimg.com/vi/e4w580c5mQ4/default.jpg,PLEQbDXy0ShuWQ4iKD4YVC1iOj3uKY1R-2,youtube,2025-10-01 22:59:59+00:00
398,'Oli X1-CCPMH S Port Orford Cedar Mahohany Concert,2025-10-02T03:50:01Z,zBGF9JWxY2s,https://i.ytimg.com/vi/zBGF9JWxY2s/default.jpg,PLEQbDXy0ShuWQ4iKD4YVC1iOj3uKY1R-2,youtube,2025-10-02 03:50:01+00:00
399,'Oli X1-CMG Mango Concert,2025-10-02T04:16:28Z,GVRxruFfBzU,https://i.ytimg.com/vi/GVRxruFfBzU/default.jpg,PLEQbDXy0ShuWQ4iKD4YVC1iOj3uKY1R-2,youtube,2025-10-02 04:16:28+00:00
400,'Oli X1 TA Acacia Tenor,2025-10-02T04:39:19Z,5IZdzUMe5x4,https://i.ytimg.com/vi/5IZdzUMe5x4/default.jpg,PLEQbDXy0ShuWQ4iKD4YVC1iOj3uKY1R-2,youtube,2025-10-02 04:39:19+00:00
401,'Oli L2 TMG BK Mango Tenor,2025-10-02T04:51:43Z,FNnqQK0mMAk,https://i.ytimg.com/vi/FNnqQK0mMAk/default.jpg,PLEQbDXy0ShuWQ4iKD4YVC1iOj3uKY1R-2,youtube,2025-10-02 04:51:43+00:00
402,'Oli X1-BA Acacia Baritone,2025-10-03T02:54:54Z,RlGo3xYKAIQ,https://i.ytimg.com/vi/RlGo3xYKAIQ/default.jpg,PLEQbDXy0ShuWQ4iKD4YVC1iOj3uKY1R-2,youtube,2025-10-03 02:54:54+00:00
403,'Oli X1-CA Acacia Concert,2025-10-03T03:40:13Z,qI4e8Hm2EWk,https://i.ytimg.com/vi/qI4e8Hm2EWk/default.jpg,PLEQbDXy0ShuWQ4iKD4YVC1iOj3uKY1R-2,youtube,2025-10-03 03:40:13+00:00
404,'Oli L2-TSCFM Sinker Cypress Maple Tenor High G Sample,2025-10-03T04:30:15Z,lpF2AYhpI9g,https://i.ytimg.com/vi/lpF2AYhpI9g/default.jpg,PLEQbDXy0ShuWQ4iKD4YVC1iOj3uKY1R-2,youtube,2025-10-03 04:30:15+00:00
405,'Oli X2-TRR SE w High G Redwood Rosewood Tenor,2025-10-03T06:01:06Z,ecDhE4DQ0jk,https://i.ytimg.com/vi/ecDhE4DQ0jk/default.jpg,PLEQbDXy0ShuWQ4iKD4YVC1iOj3uKY1R-2,youtube,2025-10-03 06:01:06+00:00
406,'Oli L1-CMR Myrtle Concert,2025-10-03T07:06:34Z,WGt5K3woqho,https://i.ytimg.com/vi/WGt5K3woqho/default.jpg,PLEQbDXy0ShuWQ4iKD4YVC1iOj3uKY1R-2,youtube,2025-10-03 07:06:34+00:00
407,'Oli L1SP CCPMR PO Cedar Myrtle Concert,2025-10-03T07:26:44Z,gsqmlrAh3m4,https://i.ytimg.com/vi/gsqmlrAh3m4/default.jpg,PLEQbDXy0ShuWQ4iKD4YVC1iOj3uKY1R-2,youtube,2025-10-03 07:26:44+00:00
408,'Oli L2 BSKMR Spruce Myrtle Baritone,2025-10-03T23:35:01Z,RdacCQIT_uw,https://i.ytimg.com/vi/RdacCQIT_uw/default.jpg,PLEQbDXy0ShuWQ4iKD4YVC1iOj3uKY1R-2,youtube,2025-10-03 23:35:01+00:00
409,'Oli L1-BCPMR Port Orford Cedar Myrtle Baritone,2025-10-06T19:30:03Z,kFOTmrnh0D8,https://i.ytimg.com/vi/kFOTmrnh0D8/default.jpg,PLEQbDXy0ShuWQ4iKD4YVC1iOj3uKY1R-2,youtube,2025-10-06 19:30:03+00:00
410,'Oli L2-TCIR-P-SB Incense Cedar Rosewood LE Tenor 1572,2025-10-06T21:16:00Z,ZA5uJXCdT6I,https://i.ytimg.com/vi/ZA5uJXCdT6I/default.jpg,PLEQbDXy0ShuWQ4iKD4YVC1iOj3uKY1R-2,youtube,2025-10-06 21:16:00+00:00
411,'Oli L1-TMG High G Sample,2025-10-06T21:44:47Z,BAKO_iVh3iU,https://i.ytimg.com/vi/BAKO_iVh3iU/default.jpg,PLEQbDXy0ShuWQ4iKD4YVC1iOj3uKY1R-2,youtube,2025-10-06 21:44:47+00:00
412,'Oli L1-TMG-S High G Sample w Mika,2025-10-06T21:55:46Z,ZAML_k3NQPg,https://i.ytimg.com/vi/ZAML_k3NQPg/default.jpg,PLEQbDXy0ShuWQ4iKD4YVC1iOj3uKY1R-2,youtube,2025-10-06 21:55:46+00:00
413,'Oli L-TM-S High G Sample w Mika,2025-10-06T22:07:52Z,pRDswNcSRmY,https://i.ytimg.com/vi/pRDswNcSRmY/default.jpg,PLEQbDXy0ShuWQ4iKD4YVC1iOj3uKY1R-2,youtube,2025-10-06 22:07:52+00:00
414,'Oli X1-TA High G Sample w Mika,2025-10-06T22:09:58Z,XOhjv0kYXMw,https://i.ytimg.com/vi/XOhjv0kYXMw/default.jpg,PLEQbDXy0ShuWQ4iKD4YVC1iOj3uKY1R-2,youtube,2025-10-06 22:09:58+00:00
415,'Oli L2-BSCFM Baritone w High D,2025-10-06T22:14:16Z,7eht637Fgdg,https://i.ytimg.com/vi/7eht637Fgdg/default.jpg,PLEQbDXy0ShuWQ4iKD4YVC1iOj3uKY1R-2,youtube,2025-10-06 22:14:16+00:00
416,'Oli L1-TA High G Sample w Mika,2025-10-08T21:16:37Z,cOmoVKRs6IE,https://i.ytimg.com/vi/cOmoVKRs6IE/default.jpg,PLEQbDXy0ShuWQ4iKD4YVC1iOj3uKY1R-2,youtube,2025-10-08 21:16:37+00:00
417,'Oli L1 TAS High G Sample w Mika,2025-10-08T22:04:33Z,N3DqubZcE5E,https://i.ytimg.com/vi/N3DqubZcE5E/default.jpg,PLEQbDXy0ShuWQ4iKD4YVC1iOj3uKY1R-2,youtube,2025-10-08 22:04:33+00:00
418,'Oli L3-CSR-P Spruce Rosewood Concert 1229,2025-10-08T23:50:03Z,VN--ZMTnHSw,https://i.ytimg.com/vi/VN--ZMTnHSw/default.jpg,PLEQbDXy0ShuWQ4iKD4YVC1iOj3uKY1R-2,youtube,2025-10-08 23:50:03+00:00
419,'Oli L2-BMG-S Mango Baritone Satin,2025-10-16T20:23:08Z,KusjHeMtlIQ,https://i.ytimg.com/vi/KusjHeMtlIQ/default.jpg,PLEQbDXy0ShuWQ4iKD4YVC1iOj3uKY1R-2,youtube,2025-10-16 20:23:08+00:00
420,'Oli L2-BCPMR Port Orford Cedar Myrtle Baritone,2025-10-20T01:22:11Z,lNISurXrTgI,https://i.ytimg.com/vi/lNISurXrTgI/default.jpg,PLEQbDXy0ShuWQ4iKD4YVC1iOj3uKY1R-2,youtube,2025-10-20 01:22:11+00:00
421,'Oli L2-TCPMR-SB Sunburst Port Orford Cedar Tiger Myrtle Tenor,2025-10-20T01:26:08Z,5lk-nCAR1F0,https://i.ytimg.com/vi/5lk-nCAR1F0/default.jpg,PLEQbDXy0ShuWQ4iKD4YVC1iOj3uKY1R-2,youtube,2025-10-20 01:26:08+00:00
422,'Oli L2 CCPMR Curly PO Cedar Tiger Myrtle Concert,2025-10-20T01:26:37Z,zBXi9Zg8m8E,https://i.ytimg.com/vi/zBXi9Zg8m8E/default.jpg,PLEQbDXy0ShuWQ4iKD4YVC1iOj3uKY1R-2,youtube,2025-10-20 01:26:37+00:00
423,'Oli L2-TCE-S 753 Cedar Ebony Satin Tenor,2025-10-21T19:49:49Z,mm-UVwaZT8I,https://i.ytimg.com/vi/mm-UVwaZT8I/default.jpg,PLEQbDXy0ShuWQ4iKD4YVC1iOj3uKY1R-2,youtube,2025-10-21 19:49:49+00:00
424,'Oli L3 CSCO Limited Edition Anthurium,2025-11-04T08:00:26Z,IQ5v-C5lrA8,https://i.ytimg.com/vi/IQ5v-C5lrA8/default.jpg,PLEQbDXy0ShuWQ4iKD4YVC1iOj3uKY1R-2,youtube,2025-11-04 08:00:26+00:00
425,"Condon Tenor & 'Oli Small Classic Guitar ""Summertime""ish",2025-11-08T22:51:58Z,KbqtrLOy_bg,https://i.ytimg.com/vi/KbqtrLOy_bg/default.jpg,PLEQbDXy0ShuWQ4iKD4YVC1iOj3uKY1R-2,youtube,2025-11-08 22:51:58+00:00
426,'Oli X2 TRR SE,2025-11-16T02:29:03Z,bFYnVXBcbso,https://i.ytimg.com/vi/bFYnVXBcbso/default.jpg,PLEQbDXy0ShuWQ4iKD4YVC1iOj3uKY1R-2,youtube,2025-11-16 02:29:03+00:00
427,'Oli Spruce Rosewood Plumeria Baritone L3-BSR-P 1238,2025-11-18T04:39:38Z,RAWvVXF6hS8,https://i.ytimg.com/vi/RAWvVXF6hS8/default.jpg,PLEQbDXy0ShuWQ4iKD4YVC1iOj3uKY1R-2,youtube,2025-11-18 04:39:38+00:00
1,'Oli Mango Tenor Prototype,2023-08-21T22:57:34Z,1__pjKICYcA,https://i.ytimg.com/vi/1__pjKICYcA/default.jpg,PLEQbDXy0ShuW7JotVhROvR4TxhmO_0tLD,youtube,2023-08-21 22:57:34+00:00
2,"""Hawai'i '78"" 'Oli Mango Tenor & Pono Master Series Baritone RBSMS",2023-08-21T23:00:57Z,mgGgRXIZY4Q,https://i.ytimg.com/vi/mgGgRXIZY4Q/default.jpg,PLEQbDXy0ShuW7JotVhROvR4TxhmO_0tLD,youtube,2023-08-21 23:00:57+00:00
3,'Oli Mango Concert L2 MGC,2023-11-16T18:57:56Z,Oj_48kO9R8w,https://i.ytimg.com/vi/Oj_48kO9R8w/default.jpg,PLEQbDXy0ShuW7JotVhROvR4TxhmO_0tLD,youtube,2023-11-16 18:57:56+00:00
4,'Oli Mango Baritone L2 MGB,2023-11-16T19:13:03Z,K1WS2LC0U2s,https://i.ytimg.com/vi/K1WS2LC0U2s/default.jpg,PLEQbDXy0ShuW7JotVhROvR4TxhmO_0tLD,youtube,2023-11-16 19:13:03+00:00
5,Danny's Song on 'Oli Mango Baritone & Tenor,2023-11-16T19:29:01Z,sMBVxO3s9KU,https://i.ytimg.com/vi/sMBVxO3s9KU/default.jpg,PLEQbDXy0ShuW7JotVhROvR4TxhmO_0tLD,youtube,2023-11-16 19:29:01+00:00
6,'Oli Mango Baritone Samples w Ian,2023-11-16T20:48:05Z,OfYorkjhkCo,https://i.ytimg.com/vi/OfYorkjhkCo/default.jpg,PLEQbDXy0ShuW7JotVhROvR4TxhmO_0tLD,youtube,2023-11-16 20:48:05+00:00
7,'Oli Mango Concert L2-CMG-G w Ian,2023-11-17T19:14:29Z,ce7gyng9eYE,https://i.ytimg.com/vi/ce7gyng9eYE/default.jpg,PLEQbDXy0ShuW7JotVhROvR4TxhmO_0tLD,youtube,2023-11-17 19:14:29+00:00
-9999,'Oli Mastergrade Koa Tenor 145,2024-04-04T20:53:23Z,BHOxKauk_zE,https://i.ytimg.com/vi/BHOxKauk_zE/default.jpg,,youtube,2024-04-04 20:53:23+00:00
-9999,'Oli L2 TSA Spruce Acacia Tenor,2024-08-06T23:05:27Z,Yk98tlUrQwM,https://i.ytimg.com/vi/Yk98tlUrQwM/default.jpg,,youtube,2024-08-06 23:05:27+00:00
-9999,'Oli L2-TCA v3 Cedar Acacia Tenor,2024-10-12T22:14:02Z,LvcZOHceJ-I,https://i.ytimg.com/vi/LvcZOHceJ-I/default.jpg,,youtube,2024-10-12 22:14:02+00:00
-9999,'Oli L1 BMGS 2025 Mango Baritone Satin,2025-01-29T22:35:45Z,s1aW6ipuXxM,https://i.ytimg.com/vi/s1aW6ipuXxM/default.jpg,,youtube,2025-01-29 22:35:45+00:00
-9999,'Oli L1 TMGS 2025 Mango Tenor Satin,2025-01-29T22:37:14Z,dKotBrEFZgA,https://i.ytimg.com/vi/dKotBrEFZgA/default.jpg,,youtube,2025-01-29 22:37:14+00:00
-9999,'Oli L2-BCR 858,2025-02-08T18:43:34Z,rVt1EjNZg_k,https://i.ytimg.com/vi/rVt1EjNZg_k/default.jpg,,youtube,2025-02-08 18:43:34+00:00
-9999,'Oli L2 BSFM 772 Spruce Maple Baritone,2025-02-08T18:50:50Z,NGXdS8PQ31g,https://i.ytimg.com/vi/NGXdS8PQ31g/default.jpg,,youtube,2025-02-08 18:50:50+00:00
-9999,'Oli L1-BMG 911 2025 Mango Baritone,2025-02-08T20:14:47Z,Ry0bnxqiv1o,https://i.ytimg.com/vi/Ry0bnxqiv1o/default.jpg,,youtube,2025-02-08 20:14:47+00:00
-9999,'Oli L1 CA 984,2025-02-10T03:16:16Z,pmVWEjyFa2U,https://i.ytimg.com/vi/pmVWEjyFa2U/default.jpg,,youtube,2025-02-10 03:16:16+00:00
-9999,'Oli L1 BA 2025 987 Acacia Baritone,2025-02-10T03:44:17Z,2wHlvrXPM8g,https://i.ytimg.com/vi/2wHlvrXPM8g/default.jpg,,youtube,2025-02-10 03:44:17+00:00
-9999,'Oli L1 BAS Baritone Acacia Satin,2025-02-28T06:56:38Z,qPlYt7yBKVk,https://i.ytimg.com/vi/qPlYt7yBKVk/default.jpg,,youtube,2025-02-28 06:56:38+00:00
-9999,'Oli X2-TTSRBW 1233,2025-04-24T05:56:16Z,P8VVzPNT978,https://i.ytimg.com/vi/P8VVzPNT978/default.jpg,,youtube,2025-04-24 05:56:16+00:00
-9999,"'Oli X2 Baritone & Tenor Torrefied Spruce Rosewood ""Beanie""",2025-05-27T21:09:50Z,ySauFg09bcs,https://i.ytimg.com/vi/ySauFg09bcs/default.jpg,,youtube,2025-05-27 21:09:50+00:00
-9999,"'Oli L3 Milo Redwood & Cedar ""Dancing in the Moonlight""",2025-05-27T21:10:09Z,ZmMyO0XzaXk,https://i.ytimg.com/vi/ZmMyO0XzaXk/default.jpg,,youtube,2025-05-27 21:10:09+00:00
-9999,“E O Mai” Moore Bettah Custom Koa Tenor Koki’o & ‘Oli X1 BMH S Mahogany Baritone,2025-07-16T21:39:33Z,bi2imV7uhOE,https://i.ytimg.com/vi/bi2imV7uhOE/default.jpg,,youtube,2025-07-16 21:39:33+00:00
